trial_num,prompt,model_choice,human_choice,reward,cumulative_reward,log_likelihood,top2_tokens
0,"You are participating in multiple games involving two slot machines, labeled U and P.
You can choose a slot machine by pressing its corresponding key.When you select one of the machines, you will win 1 or 0 points.Your goal is to choose the slot machines that will give you the most points.You will receive feedback about the outcome after making a choice.
The environment may change unpredictably, and past success does not guarantee future results. You’ll need to adapt to these changes to keep finding the better machine.You will play 1 game in total, consisting of 100 trials. Game 1. There are 100 trials in this game.You press <<",U,P,1,1,-0.828125,"[{'token': 'U', 'prob': 0.5625}, {'token': 'P', 'prob': 0.4375}]"
1,"You are participating in multiple games involving two slot machines, labeled U and P.
You can choose a slot machine by pressing its corresponding key.When you select one of the machines, you will win 1 or 0 points.Your goal is to choose the slot machines that will give you the most points.You will receive feedback about the outcome after making a choice.
The environment may change unpredictably, and past success does not guarantee future results. You’ll need to adapt to these changes to keep finding the better machine.You will play 1 game in total, consisting of 100 trials. Game 1. There are 100 trials in this game.You press <<P> and get 1 points.
You press <<",P,P,0,1,-0.4765625,"[{'token': 'P', 'prob': 0.62109375}, {'token': 'U', 'prob': 0.376953125}]"
2,"You are participating in multiple games involving two slot machines, labeled U and P.
You can choose a slot machine by pressing its corresponding key.When you select one of the machines, you will win 1 or 0 points.Your goal is to choose the slot machines that will give you the most points.You will receive feedback about the outcome after making a choice.
The environment may change unpredictably, and past success does not guarantee future results. You’ll need to adapt to these changes to keep finding the better machine.You will play 1 game in total, consisting of 100 trials. Game 1. There are 100 trials in this game.You press <<P> and get 1 points.
You press <<P> and get 0 points.
You press <<",U,P,0,1,-0.828125,"[{'token': 'U', 'prob': 0.5625}, {'token': 'P', 'prob': 0.4375}]"
3,"You are participating in multiple games involving two slot machines, labeled U and P.
You can choose a slot machine by pressing its corresponding key.When you select one of the machines, you will win 1 or 0 points.Your goal is to choose the slot machines that will give you the most points.You will receive feedback about the outcome after making a choice.
The environment may change unpredictably, and past success does not guarantee future results. You’ll need to adapt to these changes to keep finding the better machine.You will play 1 game in total, consisting of 100 trials. Game 1. There are 100 trials in this game.You press <<P> and get 1 points.
You press <<P> and get 0 points.
You press <<P> and get 0 points.
You press <<",P,U,0,1,-0.7578125,"[{'token': 'P', 'prob': 0.53125}, {'token': 'U', 'prob': 0.46875}]"
4,"You are participating in multiple games involving two slot machines, labeled U and P.
You can choose a slot machine by pressing its corresponding key.When you select one of the machines, you will win 1 or 0 points.Your goal is to choose the slot machines that will give you the most points.You will receive feedback about the outcome after making a choice.
The environment may change unpredictably, and past success does not guarantee future results. You’ll need to adapt to these changes to keep finding the better machine.You will play 1 game in total, consisting of 100 trials. Game 1. There are 100 trials in this game.You press <<P> and get 1 points.
You press <<P> and get 0 points.
You press <<P> and get 0 points.
You press <<U> and get 0 points.
You press <<",P,U,1,2,-0.828125,"[{'token': 'P', 'prob': 0.5625}, {'token': 'U', 'prob': 0.4375}]"
5,"You are participating in multiple games involving two slot machines, labeled U and P.
You can choose a slot machine by pressing its corresponding key.When you select one of the machines, you will win 1 or 0 points.Your goal is to choose the slot machines that will give you the most points.You will receive feedback about the outcome after making a choice.
The environment may change unpredictably, and past success does not guarantee future results. You’ll need to adapt to these changes to keep finding the better machine.You will play 1 game in total, consisting of 100 trials. Game 1. There are 100 trials in this game.You press <<P> and get 1 points.
You press <<P> and get 0 points.
You press <<P> and get 0 points.
You press <<U> and get 0 points.
You press <<U> and get 1 points.
You press <<",U,P,0,2,-1.5,"[{'token': 'U', 'prob': 0.77734375}, {'token': 'P', 'prob': 0.22265625}]"
6,"You are participating in multiple games involving two slot machines, labeled U and P.
You can choose a slot machine by pressing its corresponding key.When you select one of the machines, you will win 1 or 0 points.Your goal is to choose the slot machines that will give you the most points.You will receive feedback about the outcome after making a choice.
The environment may change unpredictably, and past success does not guarantee future results. You’ll need to adapt to these changes to keep finding the better machine.You will play 1 game in total, consisting of 100 trials. Game 1. There are 100 trials in this game.You press <<P> and get 0 points.
You press <<P> and get 0 points.
You press <<U> and get 0 points.
You press <<U> and get 1 points.
You press <<P> and get 0 points.
You press <<",U,U,1,3,-0.38671875,"[{'token': 'U', 'prob': 0.6796875}, {'token': 'P', 'prob': 0.3203125}]"
7,"You are participating in multiple games involving two slot machines, labeled U and P.
You can choose a slot machine by pressing its corresponding key.When you select one of the machines, you will win 1 or 0 points.Your goal is to choose the slot machines that will give you the most points.You will receive feedback about the outcome after making a choice.
The environment may change unpredictably, and past success does not guarantee future results. You’ll need to adapt to these changes to keep finding the better machine.You will play 1 game in total, consisting of 100 trials. Game 1. There are 100 trials in this game.You press <<P> and get 0 points.
You press <<U> and get 0 points.
You press <<U> and get 1 points.
You press <<P> and get 0 points.
You press <<U> and get 1 points.
You press <<",U,U,1,4,-0.38671875,"[{'token': 'U', 'prob': 0.6796875}, {'token': 'P', 'prob': 0.3203125}]"
8,"You are participating in multiple games involving two slot machines, labeled U and P.
You can choose a slot machine by pressing its corresponding key.When you select one of the machines, you will win 1 or 0 points.Your goal is to choose the slot machines that will give you the most points.You will receive feedback about the outcome after making a choice.
The environment may change unpredictably, and past success does not guarantee future results. You’ll need to adapt to these changes to keep finding the better machine.You will play 1 game in total, consisting of 100 trials. Game 1. There are 100 trials in this game.You press <<U> and get 0 points.
You press <<U> and get 1 points.
You press <<P> and get 0 points.
You press <<U> and get 1 points.
You press <<U> and get 1 points.
You press <<",U,U,1,5,-0.251953125,"[{'token': 'U', 'prob': 0.77734375}, {'token': 'P', 'prob': 0.22265625}]"
9,"You are participating in multiple games involving two slot machines, labeled U and P.
You can choose a slot machine by pressing its corresponding key.When you select one of the machines, you will win 1 or 0 points.Your goal is to choose the slot machines that will give you the most points.You will receive feedback about the outcome after making a choice.
The environment may change unpredictably, and past success does not guarantee future results. You’ll need to adapt to these changes to keep finding the better machine.You will play 1 game in total, consisting of 100 trials. Game 1. There are 100 trials in this game.You press <<U> and get 1 points.
You press <<P> and get 0 points.
You press <<U> and get 1 points.
You press <<U> and get 1 points.
You press <<U> and get 1 points.
You press <<",U,U,0,5,-0.1611328125,"[{'token': 'U', 'prob': 0.8515625}, {'token': 'P', 'prob': 0.1484375}]"
10,"You are participating in multiple games involving two slot machines, labeled U and P.
You can choose a slot machine by pressing its corresponding key.When you select one of the machines, you will win 1 or 0 points.Your goal is to choose the slot machines that will give you the most points.You will receive feedback about the outcome after making a choice.
The environment may change unpredictably, and past success does not guarantee future results. You’ll need to adapt to these changes to keep finding the better machine.You will play 1 game in total, consisting of 100 trials. Game 1. There are 100 trials in this game.You press <<P> and get 0 points.
You press <<U> and get 1 points.
You press <<U> and get 1 points.
You press <<U> and get 1 points.
You press <<U> and get 0 points.
You press <<",P,U,1,6,-0.9765625,"[{'token': 'P', 'prob': 0.62109375}, {'token': 'U', 'prob': 0.376953125}]"
11,"You are participating in multiple games involving two slot machines, labeled U and P.
You can choose a slot machine by pressing its corresponding key.When you select one of the machines, you will win 1 or 0 points.Your goal is to choose the slot machines that will give you the most points.You will receive feedback about the outcome after making a choice.
The environment may change unpredictably, and past success does not guarantee future results. You’ll need to adapt to these changes to keep finding the better machine.You will play 1 game in total, consisting of 100 trials. Game 1. There are 100 trials in this game.You press <<U> and get 1 points.
You press <<U> and get 1 points.
You press <<U> and get 1 points.
You press <<U> and get 0 points.
You press <<U> and get 1 points.
You press <<",U,U,1,7,-0.1611328125,"[{'token': 'U', 'prob': 0.8515625}, {'token': 'P', 'prob': 0.1484375}]"
12,"You are participating in multiple games involving two slot machines, labeled U and P.
You can choose a slot machine by pressing its corresponding key.When you select one of the machines, you will win 1 or 0 points.Your goal is to choose the slot machines that will give you the most points.You will receive feedback about the outcome after making a choice.
The environment may change unpredictably, and past success does not guarantee future results. You’ll need to adapt to these changes to keep finding the better machine.You will play 1 game in total, consisting of 100 trials. Game 1. There are 100 trials in this game.You press <<U> and get 1 points.
You press <<U> and get 1 points.
You press <<U> and get 0 points.
You press <<U> and get 1 points.
You press <<U> and get 1 points.
You press <<",U,U,1,8,-0.0986328125,"[{'token': 'U', 'prob': 0.90625}, {'token': 'P', 'prob': 0.09521484375}]"
13,"You are participating in multiple games involving two slot machines, labeled U and P.
You can choose a slot machine by pressing its corresponding key.When you select one of the machines, you will win 1 or 0 points.Your goal is to choose the slot machines that will give you the most points.You will receive feedback about the outcome after making a choice.
The environment may change unpredictably, and past success does not guarantee future results. You’ll need to adapt to these changes to keep finding the better machine.You will play 1 game in total, consisting of 100 trials. Game 1. There are 100 trials in this game.You press <<U> and get 1 points.
You press <<U> and get 0 points.
You press <<U> and get 1 points.
You press <<U> and get 1 points.
You press <<U> and get 1 points.
You press <<",U,U,1,9,-0.0771484375,"[{'token': 'U', 'prob': 0.92578125}, {'token': 'P', 'prob': 0.07568359375}]"
14,"You are participating in multiple games involving two slot machines, labeled U and P.
You can choose a slot machine by pressing its corresponding key.When you select one of the machines, you will win 1 or 0 points.Your goal is to choose the slot machines that will give you the most points.You will receive feedback about the outcome after making a choice.
The environment may change unpredictably, and past success does not guarantee future results. You’ll need to adapt to these changes to keep finding the better machine.You will play 1 game in total, consisting of 100 trials. Game 1. There are 100 trials in this game.You press <<U> and get 0 points.
You press <<U> and get 1 points.
You press <<U> and get 1 points.
You press <<U> and get 1 points.
You press <<U> and get 1 points.
You press <<",U,U,1,10,-0.0771484375,"[{'token': 'U', 'prob': 0.92578125}, {'token': 'P', 'prob': 0.07568359375}]"
15,"You are participating in multiple games involving two slot machines, labeled U and P.
You can choose a slot machine by pressing its corresponding key.When you select one of the machines, you will win 1 or 0 points.Your goal is to choose the slot machines that will give you the most points.You will receive feedback about the outcome after making a choice.
The environment may change unpredictably, and past success does not guarantee future results. You’ll need to adapt to these changes to keep finding the better machine.You will play 1 game in total, consisting of 100 trials. Game 1. There are 100 trials in this game.You press <<U> and get 1 points.
You press <<U> and get 1 points.
You press <<U> and get 1 points.
You press <<U> and get 1 points.
You press <<U> and get 1 points.
You press <<",U,U,1,11,-0.0771484375,"[{'token': 'U', 'prob': 0.92578125}, {'token': 'P', 'prob': 0.07568359375}]"
16,"You are participating in multiple games involving two slot machines, labeled U and P.
You can choose a slot machine by pressing its corresponding key.When you select one of the machines, you will win 1 or 0 points.Your goal is to choose the slot machines that will give you the most points.You will receive feedback about the outcome after making a choice.
The environment may change unpredictably, and past success does not guarantee future results. You’ll need to adapt to these changes to keep finding the better machine.You will play 1 game in total, consisting of 100 trials. Game 1. There are 100 trials in this game.You press <<U> and get 1 points.
You press <<U> and get 1 points.
You press <<U> and get 1 points.
You press <<U> and get 1 points.
You press <<U> and get 1 points.
You press <<",U,U,1,12,-0.0771484375,"[{'token': 'U', 'prob': 0.92578125}, {'token': 'P', 'prob': 0.07568359375}]"
17,"You are participating in multiple games involving two slot machines, labeled U and P.
You can choose a slot machine by pressing its corresponding key.When you select one of the machines, you will win 1 or 0 points.Your goal is to choose the slot machines that will give you the most points.You will receive feedback about the outcome after making a choice.
The environment may change unpredictably, and past success does not guarantee future results. You’ll need to adapt to these changes to keep finding the better machine.You will play 1 game in total, consisting of 100 trials. Game 1. There are 100 trials in this game.You press <<U> and get 1 points.
You press <<U> and get 1 points.
You press <<U> and get 1 points.
You press <<U> and get 1 points.
You press <<U> and get 1 points.
You press <<",U,U,1,13,-0.0771484375,"[{'token': 'U', 'prob': 0.92578125}, {'token': 'P', 'prob': 0.07568359375}]"
18,"You are participating in multiple games involving two slot machines, labeled U and P.
You can choose a slot machine by pressing its corresponding key.When you select one of the machines, you will win 1 or 0 points.Your goal is to choose the slot machines that will give you the most points.You will receive feedback about the outcome after making a choice.
The environment may change unpredictably, and past success does not guarantee future results. You’ll need to adapt to these changes to keep finding the better machine.You will play 1 game in total, consisting of 100 trials. Game 1. There are 100 trials in this game.You press <<U> and get 1 points.
You press <<U> and get 1 points.
You press <<U> and get 1 points.
You press <<U> and get 1 points.
You press <<U> and get 1 points.
You press <<",U,U,1,14,-0.0771484375,"[{'token': 'U', 'prob': 0.92578125}, {'token': 'P', 'prob': 0.07568359375}]"
19,"You are participating in multiple games involving two slot machines, labeled U and P.
You can choose a slot machine by pressing its corresponding key.When you select one of the machines, you will win 1 or 0 points.Your goal is to choose the slot machines that will give you the most points.You will receive feedback about the outcome after making a choice.
The environment may change unpredictably, and past success does not guarantee future results. You’ll need to adapt to these changes to keep finding the better machine.You will play 1 game in total, consisting of 100 trials. Game 1. There are 100 trials in this game.You press <<U> and get 1 points.
You press <<U> and get 1 points.
You press <<U> and get 1 points.
You press <<U> and get 1 points.
You press <<U> and get 1 points.
You press <<",U,U,1,15,-0.0771484375,"[{'token': 'U', 'prob': 0.92578125}, {'token': 'P', 'prob': 0.07568359375}]"
20,"You are participating in multiple games involving two slot machines, labeled U and P.
You can choose a slot machine by pressing its corresponding key.When you select one of the machines, you will win 1 or 0 points.Your goal is to choose the slot machines that will give you the most points.You will receive feedback about the outcome after making a choice.
The environment may change unpredictably, and past success does not guarantee future results. You’ll need to adapt to these changes to keep finding the better machine.You will play 1 game in total, consisting of 100 trials. Game 1. There are 100 trials in this game.You press <<U> and get 1 points.
You press <<U> and get 1 points.
You press <<U> and get 1 points.
You press <<U> and get 1 points.
You press <<U> and get 1 points.
You press <<",U,U,1,16,-0.0771484375,"[{'token': 'U', 'prob': 0.92578125}, {'token': 'P', 'prob': 0.07568359375}]"
21,"You are participating in multiple games involving two slot machines, labeled U and P.
You can choose a slot machine by pressing its corresponding key.When you select one of the machines, you will win 1 or 0 points.Your goal is to choose the slot machines that will give you the most points.You will receive feedback about the outcome after making a choice.
The environment may change unpredictably, and past success does not guarantee future results. You’ll need to adapt to these changes to keep finding the better machine.You will play 1 game in total, consisting of 100 trials. Game 1. There are 100 trials in this game.You press <<U> and get 1 points.
You press <<U> and get 1 points.
You press <<U> and get 1 points.
You press <<U> and get 1 points.
You press <<U> and get 1 points.
You press <<",U,U,1,17,-0.0771484375,"[{'token': 'U', 'prob': 0.92578125}, {'token': 'P', 'prob': 0.07568359375}]"
22,"You are participating in multiple games involving two slot machines, labeled U and P.
You can choose a slot machine by pressing its corresponding key.When you select one of the machines, you will win 1 or 0 points.Your goal is to choose the slot machines that will give you the most points.You will receive feedback about the outcome after making a choice.
The environment may change unpredictably, and past success does not guarantee future results. You’ll need to adapt to these changes to keep finding the better machine.You will play 1 game in total, consisting of 100 trials. Game 1. There are 100 trials in this game.You press <<U> and get 1 points.
You press <<U> and get 1 points.
You press <<U> and get 1 points.
You press <<U> and get 1 points.
You press <<U> and get 1 points.
You press <<",U,U,1,18,-0.0771484375,"[{'token': 'U', 'prob': 0.92578125}, {'token': 'P', 'prob': 0.07568359375}]"
23,"You are participating in multiple games involving two slot machines, labeled U and P.
You can choose a slot machine by pressing its corresponding key.When you select one of the machines, you will win 1 or 0 points.Your goal is to choose the slot machines that will give you the most points.You will receive feedback about the outcome after making a choice.
The environment may change unpredictably, and past success does not guarantee future results. You’ll need to adapt to these changes to keep finding the better machine.You will play 1 game in total, consisting of 100 trials. Game 1. There are 100 trials in this game.You press <<U> and get 1 points.
You press <<U> and get 1 points.
You press <<U> and get 1 points.
You press <<U> and get 1 points.
You press <<U> and get 1 points.
You press <<",U,U,1,19,-0.0771484375,"[{'token': 'U', 'prob': 0.92578125}, {'token': 'P', 'prob': 0.07568359375}]"
24,"You are participating in multiple games involving two slot machines, labeled U and P.
You can choose a slot machine by pressing its corresponding key.When you select one of the machines, you will win 1 or 0 points.Your goal is to choose the slot machines that will give you the most points.You will receive feedback about the outcome after making a choice.
The environment may change unpredictably, and past success does not guarantee future results. You’ll need to adapt to these changes to keep finding the better machine.You will play 1 game in total, consisting of 100 trials. Game 1. There are 100 trials in this game.You press <<U> and get 1 points.
You press <<U> and get 1 points.
You press <<U> and get 1 points.
You press <<U> and get 1 points.
You press <<U> and get 1 points.
You press <<",U,U,1,20,-0.0771484375,"[{'token': 'U', 'prob': 0.92578125}, {'token': 'P', 'prob': 0.07568359375}]"
25,"You are participating in multiple games involving two slot machines, labeled U and P.
You can choose a slot machine by pressing its corresponding key.When you select one of the machines, you will win 1 or 0 points.Your goal is to choose the slot machines that will give you the most points.You will receive feedback about the outcome after making a choice.
The environment may change unpredictably, and past success does not guarantee future results. You’ll need to adapt to these changes to keep finding the better machine.You will play 1 game in total, consisting of 100 trials. Game 1. There are 100 trials in this game.You press <<U> and get 1 points.
You press <<U> and get 1 points.
You press <<U> and get 1 points.
You press <<U> and get 1 points.
You press <<U> and get 1 points.
You press <<",U,U,1,21,-0.0771484375,"[{'token': 'U', 'prob': 0.92578125}, {'token': 'P', 'prob': 0.07568359375}]"
26,"You are participating in multiple games involving two slot machines, labeled U and P.
You can choose a slot machine by pressing its corresponding key.When you select one of the machines, you will win 1 or 0 points.Your goal is to choose the slot machines that will give you the most points.You will receive feedback about the outcome after making a choice.
The environment may change unpredictably, and past success does not guarantee future results. You’ll need to adapt to these changes to keep finding the better machine.You will play 1 game in total, consisting of 100 trials. Game 1. There are 100 trials in this game.You press <<U> and get 1 points.
You press <<U> and get 1 points.
You press <<U> and get 1 points.
You press <<U> and get 1 points.
You press <<U> and get 1 points.
You press <<",U,U,1,22,-0.0771484375,"[{'token': 'U', 'prob': 0.92578125}, {'token': 'P', 'prob': 0.07568359375}]"
27,"You are participating in multiple games involving two slot machines, labeled U and P.
You can choose a slot machine by pressing its corresponding key.When you select one of the machines, you will win 1 or 0 points.Your goal is to choose the slot machines that will give you the most points.You will receive feedback about the outcome after making a choice.
The environment may change unpredictably, and past success does not guarantee future results. You’ll need to adapt to these changes to keep finding the better machine.You will play 1 game in total, consisting of 100 trials. Game 1. There are 100 trials in this game.You press <<U> and get 1 points.
You press <<U> and get 1 points.
You press <<U> and get 1 points.
You press <<U> and get 1 points.
You press <<U> and get 1 points.
You press <<",U,U,1,23,-0.0771484375,"[{'token': 'U', 'prob': 0.92578125}, {'token': 'P', 'prob': 0.07568359375}]"
28,"You are participating in multiple games involving two slot machines, labeled U and P.
You can choose a slot machine by pressing its corresponding key.When you select one of the machines, you will win 1 or 0 points.Your goal is to choose the slot machines that will give you the most points.You will receive feedback about the outcome after making a choice.
The environment may change unpredictably, and past success does not guarantee future results. You’ll need to adapt to these changes to keep finding the better machine.You will play 1 game in total, consisting of 100 trials. Game 1. There are 100 trials in this game.You press <<U> and get 1 points.
You press <<U> and get 1 points.
You press <<U> and get 1 points.
You press <<U> and get 1 points.
You press <<U> and get 1 points.
You press <<",U,P,0,23,-2.578125,"[{'token': 'U', 'prob': 0.92578125}, {'token': 'P', 'prob': 0.07568359375}]"
29,"You are participating in multiple games involving two slot machines, labeled U and P.
You can choose a slot machine by pressing its corresponding key.When you select one of the machines, you will win 1 or 0 points.Your goal is to choose the slot machines that will give you the most points.You will receive feedback about the outcome after making a choice.
The environment may change unpredictably, and past success does not guarantee future results. You’ll need to adapt to these changes to keep finding the better machine.You will play 1 game in total, consisting of 100 trials. Game 1. There are 100 trials in this game.You press <<U> and get 1 points.
You press <<U> and get 1 points.
You press <<U> and get 1 points.
You press <<U> and get 1 points.
You press <<P> and get 0 points.
You press <<",U,U,1,24,-0.203125,"[{'token': 'U', 'prob': 0.81640625}, {'token': 'P', 'prob': 0.1826171875}]"
30,"You are participating in multiple games involving two slot machines, labeled U and P.
You can choose a slot machine by pressing its corresponding key.When you select one of the machines, you will win 1 or 0 points.Your goal is to choose the slot machines that will give you the most points.You will receive feedback about the outcome after making a choice.
The environment may change unpredictably, and past success does not guarantee future results. You’ll need to adapt to these changes to keep finding the better machine.You will play 1 game in total, consisting of 100 trials. Game 1. There are 100 trials in this game.You press <<U> and get 1 points.
You press <<U> and get 1 points.
You press <<U> and get 1 points.
You press <<P> and get 0 points.
You press <<U> and get 1 points.
You press <<",U,U,1,25,-0.1611328125,"[{'token': 'U', 'prob': 0.8515625}, {'token': 'P', 'prob': 0.1484375}]"
31,"You are participating in multiple games involving two slot machines, labeled U and P.
You can choose a slot machine by pressing its corresponding key.When you select one of the machines, you will win 1 or 0 points.Your goal is to choose the slot machines that will give you the most points.You will receive feedback about the outcome after making a choice.
The environment may change unpredictably, and past success does not guarantee future results. You’ll need to adapt to these changes to keep finding the better machine.You will play 1 game in total, consisting of 100 trials. Game 1. There are 100 trials in this game.You press <<U> and get 1 points.
You press <<U> and get 1 points.
You press <<P> and get 0 points.
You press <<U> and get 1 points.
You press <<U> and get 1 points.
You press <<",U,U,1,26,-0.251953125,"[{'token': 'U', 'prob': 0.77734375}, {'token': 'P', 'prob': 0.22265625}]"
32,"You are participating in multiple games involving two slot machines, labeled U and P.
You can choose a slot machine by pressing its corresponding key.When you select one of the machines, you will win 1 or 0 points.Your goal is to choose the slot machines that will give you the most points.You will receive feedback about the outcome after making a choice.
The environment may change unpredictably, and past success does not guarantee future results. You’ll need to adapt to these changes to keep finding the better machine.You will play 1 game in total, consisting of 100 trials. Game 1. There are 100 trials in this game.You press <<U> and get 1 points.
You press <<P> and get 0 points.
You press <<U> and get 1 points.
You press <<U> and get 1 points.
You press <<U> and get 1 points.
You press <<",U,U,1,27,-0.1611328125,"[{'token': 'U', 'prob': 0.8515625}, {'token': 'P', 'prob': 0.1484375}]"
33,"You are participating in multiple games involving two slot machines, labeled U and P.
You can choose a slot machine by pressing its corresponding key.When you select one of the machines, you will win 1 or 0 points.Your goal is to choose the slot machines that will give you the most points.You will receive feedback about the outcome after making a choice.
The environment may change unpredictably, and past success does not guarantee future results. You’ll need to adapt to these changes to keep finding the better machine.You will play 1 game in total, consisting of 100 trials. Game 1. There are 100 trials in this game.You press <<P> and get 0 points.
You press <<U> and get 1 points.
You press <<U> and get 1 points.
You press <<U> and get 1 points.
You press <<U> and get 1 points.
You press <<",U,U,1,28,-0.060302734375,"[{'token': 'U', 'prob': 0.94140625}, {'token': 'P', 'prob': 0.06005859375}]"
34,"You are participating in multiple games involving two slot machines, labeled U and P.
You can choose a slot machine by pressing its corresponding key.When you select one of the machines, you will win 1 or 0 points.Your goal is to choose the slot machines that will give you the most points.You will receive feedback about the outcome after making a choice.
The environment may change unpredictably, and past success does not guarantee future results. You’ll need to adapt to these changes to keep finding the better machine.You will play 1 game in total, consisting of 100 trials. Game 1. There are 100 trials in this game.You press <<U> and get 1 points.
You press <<U> and get 1 points.
You press <<U> and get 1 points.
You press <<U> and get 1 points.
You press <<U> and get 1 points.
You press <<",U,U,1,29,-0.0771484375,"[{'token': 'U', 'prob': 0.92578125}, {'token': 'P', 'prob': 0.07568359375}]"
35,"You are participating in multiple games involving two slot machines, labeled U and P.
You can choose a slot machine by pressing its corresponding key.When you select one of the machines, you will win 1 or 0 points.Your goal is to choose the slot machines that will give you the most points.You will receive feedback about the outcome after making a choice.
The environment may change unpredictably, and past success does not guarantee future results. You’ll need to adapt to these changes to keep finding the better machine.You will play 1 game in total, consisting of 100 trials. Game 1. There are 100 trials in this game.You press <<U> and get 1 points.
You press <<U> and get 1 points.
You press <<U> and get 1 points.
You press <<U> and get 1 points.
You press <<U> and get 1 points.
You press <<",U,U,1,30,-0.0771484375,"[{'token': 'U', 'prob': 0.92578125}, {'token': 'P', 'prob': 0.07568359375}]"
36,"You are participating in multiple games involving two slot machines, labeled U and P.
You can choose a slot machine by pressing its corresponding key.When you select one of the machines, you will win 1 or 0 points.Your goal is to choose the slot machines that will give you the most points.You will receive feedback about the outcome after making a choice.
The environment may change unpredictably, and past success does not guarantee future results. You’ll need to adapt to these changes to keep finding the better machine.You will play 1 game in total, consisting of 100 trials. Game 1. There are 100 trials in this game.You press <<U> and get 1 points.
You press <<U> and get 1 points.
You press <<U> and get 1 points.
You press <<U> and get 1 points.
You press <<U> and get 1 points.
You press <<",U,U,1,31,-0.0771484375,"[{'token': 'U', 'prob': 0.92578125}, {'token': 'P', 'prob': 0.07568359375}]"
37,"You are participating in multiple games involving two slot machines, labeled U and P.
You can choose a slot machine by pressing its corresponding key.When you select one of the machines, you will win 1 or 0 points.Your goal is to choose the slot machines that will give you the most points.You will receive feedback about the outcome after making a choice.
The environment may change unpredictably, and past success does not guarantee future results. You’ll need to adapt to these changes to keep finding the better machine.You will play 1 game in total, consisting of 100 trials. Game 1. There are 100 trials in this game.You press <<U> and get 1 points.
You press <<U> and get 1 points.
You press <<U> and get 1 points.
You press <<U> and get 1 points.
You press <<U> and get 1 points.
You press <<",U,U,1,32,-0.0771484375,"[{'token': 'U', 'prob': 0.92578125}, {'token': 'P', 'prob': 0.07568359375}]"
38,"You are participating in multiple games involving two slot machines, labeled U and P.
You can choose a slot machine by pressing its corresponding key.When you select one of the machines, you will win 1 or 0 points.Your goal is to choose the slot machines that will give you the most points.You will receive feedback about the outcome after making a choice.
The environment may change unpredictably, and past success does not guarantee future results. You’ll need to adapt to these changes to keep finding the better machine.You will play 1 game in total, consisting of 100 trials. Game 1. There are 100 trials in this game.You press <<U> and get 1 points.
You press <<U> and get 1 points.
You press <<U> and get 1 points.
You press <<U> and get 1 points.
You press <<U> and get 1 points.
You press <<",U,U,1,33,-0.0771484375,"[{'token': 'U', 'prob': 0.92578125}, {'token': 'P', 'prob': 0.07568359375}]"
39,"You are participating in multiple games involving two slot machines, labeled U and P.
You can choose a slot machine by pressing its corresponding key.When you select one of the machines, you will win 1 or 0 points.Your goal is to choose the slot machines that will give you the most points.You will receive feedback about the outcome after making a choice.
The environment may change unpredictably, and past success does not guarantee future results. You’ll need to adapt to these changes to keep finding the better machine.You will play 1 game in total, consisting of 100 trials. Game 1. There are 100 trials in this game.You press <<U> and get 1 points.
You press <<U> and get 1 points.
You press <<U> and get 1 points.
You press <<U> and get 1 points.
You press <<U> and get 1 points.
You press <<",U,U,1,34,-0.0771484375,"[{'token': 'U', 'prob': 0.92578125}, {'token': 'P', 'prob': 0.07568359375}]"
40,"You are participating in multiple games involving two slot machines, labeled U and P.
You can choose a slot machine by pressing its corresponding key.When you select one of the machines, you will win 1 or 0 points.Your goal is to choose the slot machines that will give you the most points.You will receive feedback about the outcome after making a choice.
The environment may change unpredictably, and past success does not guarantee future results. You’ll need to adapt to these changes to keep finding the better machine.You will play 1 game in total, consisting of 100 trials. Game 1. There are 100 trials in this game.You press <<U> and get 1 points.
You press <<U> and get 1 points.
You press <<U> and get 1 points.
You press <<U> and get 1 points.
You press <<U> and get 1 points.
You press <<",U,U,1,35,-0.0771484375,"[{'token': 'U', 'prob': 0.92578125}, {'token': 'P', 'prob': 0.07568359375}]"
41,"You are participating in multiple games involving two slot machines, labeled U and P.
You can choose a slot machine by pressing its corresponding key.When you select one of the machines, you will win 1 or 0 points.Your goal is to choose the slot machines that will give you the most points.You will receive feedback about the outcome after making a choice.
The environment may change unpredictably, and past success does not guarantee future results. You’ll need to adapt to these changes to keep finding the better machine.You will play 1 game in total, consisting of 100 trials. Game 1. There are 100 trials in this game.You press <<U> and get 1 points.
You press <<U> and get 1 points.
You press <<U> and get 1 points.
You press <<U> and get 1 points.
You press <<U> and get 1 points.
You press <<",U,U,1,36,-0.0771484375,"[{'token': 'U', 'prob': 0.92578125}, {'token': 'P', 'prob': 0.07568359375}]"
42,"You are participating in multiple games involving two slot machines, labeled U and P.
You can choose a slot machine by pressing its corresponding key.When you select one of the machines, you will win 1 or 0 points.Your goal is to choose the slot machines that will give you the most points.You will receive feedback about the outcome after making a choice.
The environment may change unpredictably, and past success does not guarantee future results. You’ll need to adapt to these changes to keep finding the better machine.You will play 1 game in total, consisting of 100 trials. Game 1. There are 100 trials in this game.You press <<U> and get 1 points.
You press <<U> and get 1 points.
You press <<U> and get 1 points.
You press <<U> and get 1 points.
You press <<U> and get 1 points.
You press <<",U,U,1,37,-0.0771484375,"[{'token': 'U', 'prob': 0.92578125}, {'token': 'P', 'prob': 0.07568359375}]"
43,"You are participating in multiple games involving two slot machines, labeled U and P.
You can choose a slot machine by pressing its corresponding key.When you select one of the machines, you will win 1 or 0 points.Your goal is to choose the slot machines that will give you the most points.You will receive feedback about the outcome after making a choice.
The environment may change unpredictably, and past success does not guarantee future results. You’ll need to adapt to these changes to keep finding the better machine.You will play 1 game in total, consisting of 100 trials. Game 1. There are 100 trials in this game.You press <<U> and get 1 points.
You press <<U> and get 1 points.
You press <<U> and get 1 points.
You press <<U> and get 1 points.
You press <<U> and get 1 points.
You press <<",U,U,1,38,-0.0771484375,"[{'token': 'U', 'prob': 0.92578125}, {'token': 'P', 'prob': 0.07568359375}]"
44,"You are participating in multiple games involving two slot machines, labeled U and P.
You can choose a slot machine by pressing its corresponding key.When you select one of the machines, you will win 1 or 0 points.Your goal is to choose the slot machines that will give you the most points.You will receive feedback about the outcome after making a choice.
The environment may change unpredictably, and past success does not guarantee future results. You’ll need to adapt to these changes to keep finding the better machine.You will play 1 game in total, consisting of 100 trials. Game 1. There are 100 trials in this game.You press <<U> and get 1 points.
You press <<U> and get 1 points.
You press <<U> and get 1 points.
You press <<U> and get 1 points.
You press <<U> and get 1 points.
You press <<",U,U,1,39,-0.0771484375,"[{'token': 'U', 'prob': 0.92578125}, {'token': 'P', 'prob': 0.07568359375}]"
45,"You are participating in multiple games involving two slot machines, labeled U and P.
You can choose a slot machine by pressing its corresponding key.When you select one of the machines, you will win 1 or 0 points.Your goal is to choose the slot machines that will give you the most points.You will receive feedback about the outcome after making a choice.
The environment may change unpredictably, and past success does not guarantee future results. You’ll need to adapt to these changes to keep finding the better machine.You will play 1 game in total, consisting of 100 trials. Game 1. There are 100 trials in this game.You press <<U> and get 1 points.
You press <<U> and get 1 points.
You press <<U> and get 1 points.
You press <<U> and get 1 points.
You press <<U> and get 1 points.
You press <<",U,U,1,40,-0.0771484375,"[{'token': 'U', 'prob': 0.92578125}, {'token': 'P', 'prob': 0.07568359375}]"
46,"You are participating in multiple games involving two slot machines, labeled U and P.
You can choose a slot machine by pressing its corresponding key.When you select one of the machines, you will win 1 or 0 points.Your goal is to choose the slot machines that will give you the most points.You will receive feedback about the outcome after making a choice.
The environment may change unpredictably, and past success does not guarantee future results. You’ll need to adapt to these changes to keep finding the better machine.You will play 1 game in total, consisting of 100 trials. Game 1. There are 100 trials in this game.You press <<U> and get 1 points.
You press <<U> and get 1 points.
You press <<U> and get 1 points.
You press <<U> and get 1 points.
You press <<U> and get 1 points.
You press <<",U,P,0,40,-2.578125,"[{'token': 'U', 'prob': 0.92578125}, {'token': 'P', 'prob': 0.07568359375}]"
47,"You are participating in multiple games involving two slot machines, labeled U and P.
You can choose a slot machine by pressing its corresponding key.When you select one of the machines, you will win 1 or 0 points.Your goal is to choose the slot machines that will give you the most points.You will receive feedback about the outcome after making a choice.
The environment may change unpredictably, and past success does not guarantee future results. You’ll need to adapt to these changes to keep finding the better machine.You will play 1 game in total, consisting of 100 trials. Game 1. There are 100 trials in this game.You press <<U> and get 1 points.
You press <<U> and get 1 points.
You press <<U> and get 1 points.
You press <<U> and get 1 points.
You press <<P> and get 0 points.
You press <<",U,U,1,41,-0.203125,"[{'token': 'U', 'prob': 0.81640625}, {'token': 'P', 'prob': 0.1826171875}]"
48,"You are participating in multiple games involving two slot machines, labeled U and P.
You can choose a slot machine by pressing its corresponding key.When you select one of the machines, you will win 1 or 0 points.Your goal is to choose the slot machines that will give you the most points.You will receive feedback about the outcome after making a choice.
The environment may change unpredictably, and past success does not guarantee future results. You’ll need to adapt to these changes to keep finding the better machine.You will play 1 game in total, consisting of 100 trials. Game 1. There are 100 trials in this game.You press <<U> and get 1 points.
You press <<U> and get 1 points.
You press <<U> and get 1 points.
You press <<P> and get 0 points.
You press <<U> and get 1 points.
You press <<",U,U,1,42,-0.1611328125,"[{'token': 'U', 'prob': 0.8515625}, {'token': 'P', 'prob': 0.1484375}]"
49,"You are participating in multiple games involving two slot machines, labeled U and P.
You can choose a slot machine by pressing its corresponding key.When you select one of the machines, you will win 1 or 0 points.Your goal is to choose the slot machines that will give you the most points.You will receive feedback about the outcome after making a choice.
The environment may change unpredictably, and past success does not guarantee future results. You’ll need to adapt to these changes to keep finding the better machine.You will play 1 game in total, consisting of 100 trials. Game 1. There are 100 trials in this game.You press <<U> and get 1 points.
You press <<U> and get 1 points.
You press <<P> and get 0 points.
You press <<U> and get 1 points.
You press <<U> and get 1 points.
You press <<",U,U,1,43,-0.251953125,"[{'token': 'U', 'prob': 0.77734375}, {'token': 'P', 'prob': 0.22265625}]"
50,"You are participating in multiple games involving two slot machines, labeled U and P.
You can choose a slot machine by pressing its corresponding key.When you select one of the machines, you will win 1 or 0 points.Your goal is to choose the slot machines that will give you the most points.You will receive feedback about the outcome after making a choice.
The environment may change unpredictably, and past success does not guarantee future results. You’ll need to adapt to these changes to keep finding the better machine.You will play 1 game in total, consisting of 100 trials. Game 1. There are 100 trials in this game.You press <<U> and get 1 points.
You press <<P> and get 0 points.
You press <<U> and get 1 points.
You press <<U> and get 1 points.
You press <<U> and get 1 points.
You press <<",U,U,1,44,-0.1611328125,"[{'token': 'U', 'prob': 0.8515625}, {'token': 'P', 'prob': 0.1484375}]"
51,"You are participating in multiple games involving two slot machines, labeled U and P.
You can choose a slot machine by pressing its corresponding key.When you select one of the machines, you will win 1 or 0 points.Your goal is to choose the slot machines that will give you the most points.You will receive feedback about the outcome after making a choice.
The environment may change unpredictably, and past success does not guarantee future results. You’ll need to adapt to these changes to keep finding the better machine.You will play 1 game in total, consisting of 100 trials. Game 1. There are 100 trials in this game.You press <<P> and get 0 points.
You press <<U> and get 1 points.
You press <<U> and get 1 points.
You press <<U> and get 1 points.
You press <<U> and get 1 points.
You press <<",U,P,1,45,-2.8125,"[{'token': 'U', 'prob': 0.94140625}, {'token': 'P', 'prob': 0.06005859375}]"
52,"You are participating in multiple games involving two slot machines, labeled U and P.
You can choose a slot machine by pressing its corresponding key.When you select one of the machines, you will win 1 or 0 points.Your goal is to choose the slot machines that will give you the most points.You will receive feedback about the outcome after making a choice.
The environment may change unpredictably, and past success does not guarantee future results. You’ll need to adapt to these changes to keep finding the better machine.You will play 1 game in total, consisting of 100 trials. Game 1. There are 100 trials in this game.You press <<U> and get 1 points.
You press <<U> and get 1 points.
You press <<U> and get 1 points.
You press <<U> and get 1 points.
You press <<P> and get 1 points.
You press <<",P,P,1,46,-0.38671875,"[{'token': 'P', 'prob': 0.6796875}, {'token': 'U', 'prob': 0.3203125}]"
53,"You are participating in multiple games involving two slot machines, labeled U and P.
You can choose a slot machine by pressing its corresponding key.When you select one of the machines, you will win 1 or 0 points.Your goal is to choose the slot machines that will give you the most points.You will receive feedback about the outcome after making a choice.
The environment may change unpredictably, and past success does not guarantee future results. You’ll need to adapt to these changes to keep finding the better machine.You will play 1 game in total, consisting of 100 trials. Game 1. There are 100 trials in this game.You press <<U> and get 1 points.
You press <<U> and get 1 points.
You press <<U> and get 1 points.
You press <<P> and get 1 points.
You press <<P> and get 1 points.
You press <<",P,P,1,47,-0.314453125,"[{'token': 'P', 'prob': 0.73046875}, {'token': 'U', 'prob': 0.26953125}]"
54,"You are participating in multiple games involving two slot machines, labeled U and P.
You can choose a slot machine by pressing its corresponding key.When you select one of the machines, you will win 1 or 0 points.Your goal is to choose the slot machines that will give you the most points.You will receive feedback about the outcome after making a choice.
The environment may change unpredictably, and past success does not guarantee future results. You’ll need to adapt to these changes to keep finding the better machine.You will play 1 game in total, consisting of 100 trials. Game 1. There are 100 trials in this game.You press <<U> and get 1 points.
You press <<U> and get 1 points.
You press <<P> and get 1 points.
You press <<P> and get 1 points.
You press <<P> and get 1 points.
You press <<",P,P,1,48,-0.57421875,"[{'token': 'P', 'prob': 0.5625}, {'token': 'U', 'prob': 0.4375}]"
55,"You are participating in multiple games involving two slot machines, labeled U and P.
You can choose a slot machine by pressing its corresponding key.When you select one of the machines, you will win 1 or 0 points.Your goal is to choose the slot machines that will give you the most points.You will receive feedback about the outcome after making a choice.
The environment may change unpredictably, and past success does not guarantee future results. You’ll need to adapt to these changes to keep finding the better machine.You will play 1 game in total, consisting of 100 trials. Game 1. There are 100 trials in this game.You press <<U> and get 1 points.
You press <<P> and get 1 points.
You press <<P> and get 1 points.
You press <<P> and get 1 points.
You press <<P> and get 1 points.
You press <<",P,P,1,49,-0.314453125,"[{'token': 'P', 'prob': 0.73046875}, {'token': 'U', 'prob': 0.26953125}]"
56,"You are participating in multiple games involving two slot machines, labeled U and P.
You can choose a slot machine by pressing its corresponding key.When you select one of the machines, you will win 1 or 0 points.Your goal is to choose the slot machines that will give you the most points.You will receive feedback about the outcome after making a choice.
The environment may change unpredictably, and past success does not guarantee future results. You’ll need to adapt to these changes to keep finding the better machine.You will play 1 game in total, consisting of 100 trials. Game 1. There are 100 trials in this game.You press <<P> and get 1 points.
You press <<P> and get 1 points.
You press <<P> and get 1 points.
You press <<P> and get 1 points.
You press <<P> and get 1 points.
You press <<",P,P,1,50,-0.0986328125,"[{'token': 'P', 'prob': 0.90625}, {'token': 'U', 'prob': 0.09521484375}]"
57,"You are participating in multiple games involving two slot machines, labeled U and P.
You can choose a slot machine by pressing its corresponding key.When you select one of the machines, you will win 1 or 0 points.Your goal is to choose the slot machines that will give you the most points.You will receive feedback about the outcome after making a choice.
The environment may change unpredictably, and past success does not guarantee future results. You’ll need to adapt to these changes to keep finding the better machine.You will play 1 game in total, consisting of 100 trials. Game 1. There are 100 trials in this game.You press <<P> and get 1 points.
You press <<P> and get 1 points.
You press <<P> and get 1 points.
You press <<P> and get 1 points.
You press <<P> and get 1 points.
You press <<",P,P,1,51,-0.0986328125,"[{'token': 'P', 'prob': 0.90625}, {'token': 'U', 'prob': 0.09521484375}]"
58,"You are participating in multiple games involving two slot machines, labeled U and P.
You can choose a slot machine by pressing its corresponding key.When you select one of the machines, you will win 1 or 0 points.Your goal is to choose the slot machines that will give you the most points.You will receive feedback about the outcome after making a choice.
The environment may change unpredictably, and past success does not guarantee future results. You’ll need to adapt to these changes to keep finding the better machine.You will play 1 game in total, consisting of 100 trials. Game 1. There are 100 trials in this game.You press <<P> and get 1 points.
You press <<P> and get 1 points.
You press <<P> and get 1 points.
You press <<P> and get 1 points.
You press <<P> and get 1 points.
You press <<",P,U,0,51,-2.359375,"[{'token': 'P', 'prob': 0.90625}, {'token': 'U', 'prob': 0.09521484375}]"
59,"You are participating in multiple games involving two slot machines, labeled U and P.
You can choose a slot machine by pressing its corresponding key.When you select one of the machines, you will win 1 or 0 points.Your goal is to choose the slot machines that will give you the most points.You will receive feedback about the outcome after making a choice.
The environment may change unpredictably, and past success does not guarantee future results. You’ll need to adapt to these changes to keep finding the better machine.You will play 1 game in total, consisting of 100 trials. Game 1. There are 100 trials in this game.You press <<P> and get 1 points.
You press <<P> and get 1 points.
You press <<P> and get 1 points.
You press <<P> and get 1 points.
You press <<U> and get 0 points.
You press <<",P,P,1,52,-0.203125,"[{'token': 'P', 'prob': 0.81640625}, {'token': 'U', 'prob': 0.1826171875}]"
60,"You are participating in multiple games involving two slot machines, labeled U and P.
You can choose a slot machine by pressing its corresponding key.When you select one of the machines, you will win 1 or 0 points.Your goal is to choose the slot machines that will give you the most points.You will receive feedback about the outcome after making a choice.
The environment may change unpredictably, and past success does not guarantee future results. You’ll need to adapt to these changes to keep finding the better machine.You will play 1 game in total, consisting of 100 trials. Game 1. There are 100 trials in this game.You press <<P> and get 1 points.
You press <<P> and get 1 points.
You press <<P> and get 1 points.
You press <<U> and get 0 points.
You press <<P> and get 1 points.
You press <<",P,U,0,52,-1.90625,"[{'token': 'P', 'prob': 0.8515625}, {'token': 'U', 'prob': 0.1484375}]"
61,"You are participating in multiple games involving two slot machines, labeled U and P.
You can choose a slot machine by pressing its corresponding key.When you select one of the machines, you will win 1 or 0 points.Your goal is to choose the slot machines that will give you the most points.You will receive feedback about the outcome after making a choice.
The environment may change unpredictably, and past success does not guarantee future results. You’ll need to adapt to these changes to keep finding the better machine.You will play 1 game in total, consisting of 100 trials. Game 1. There are 100 trials in this game.You press <<P> and get 1 points.
You press <<P> and get 1 points.
You press <<U> and get 0 points.
You press <<P> and get 1 points.
You press <<U> and get 0 points.
You press <<",P,P,1,53,-0.12890625,"[{'token': 'P', 'prob': 0.87890625}, {'token': 'U', 'prob': 0.119140625}]"
62,"You are participating in multiple games involving two slot machines, labeled U and P.
You can choose a slot machine by pressing its corresponding key.When you select one of the machines, you will win 1 or 0 points.Your goal is to choose the slot machines that will give you the most points.You will receive feedback about the outcome after making a choice.
The environment may change unpredictably, and past success does not guarantee future results. You’ll need to adapt to these changes to keep finding the better machine.You will play 1 game in total, consisting of 100 trials. Game 1. There are 100 trials in this game.You press <<P> and get 1 points.
You press <<U> and get 0 points.
You press <<P> and get 1 points.
You press <<U> and get 0 points.
You press <<P> and get 1 points.
You press <<",U,P,1,54,-1.140625,"[{'token': 'U', 'prob': 0.6796875}, {'token': 'P', 'prob': 0.3203125}]"
63,"You are participating in multiple games involving two slot machines, labeled U and P.
You can choose a slot machine by pressing its corresponding key.When you select one of the machines, you will win 1 or 0 points.Your goal is to choose the slot machines that will give you the most points.You will receive feedback about the outcome after making a choice.
The environment may change unpredictably, and past success does not guarantee future results. You’ll need to adapt to these changes to keep finding the better machine.You will play 1 game in total, consisting of 100 trials. Game 1. There are 100 trials in this game.You press <<U> and get 0 points.
You press <<P> and get 1 points.
You press <<U> and get 0 points.
You press <<P> and get 1 points.
You press <<P> and get 1 points.
You press <<",P,P,1,55,-0.314453125,"[{'token': 'P', 'prob': 0.73046875}, {'token': 'U', 'prob': 0.26953125}]"
64,"You are participating in multiple games involving two slot machines, labeled U and P.
You can choose a slot machine by pressing its corresponding key.When you select one of the machines, you will win 1 or 0 points.Your goal is to choose the slot machines that will give you the most points.You will receive feedback about the outcome after making a choice.
The environment may change unpredictably, and past success does not guarantee future results. You’ll need to adapt to these changes to keep finding the better machine.You will play 1 game in total, consisting of 100 trials. Game 1. There are 100 trials in this game.You press <<P> and get 1 points.
You press <<U> and get 0 points.
You press <<P> and get 1 points.
You press <<P> and get 1 points.
You press <<P> and get 1 points.
You press <<",P,P,1,56,-0.1611328125,"[{'token': 'P', 'prob': 0.8515625}, {'token': 'U', 'prob': 0.1484375}]"
65,"You are participating in multiple games involving two slot machines, labeled U and P.
You can choose a slot machine by pressing its corresponding key.When you select one of the machines, you will win 1 or 0 points.Your goal is to choose the slot machines that will give you the most points.You will receive feedback about the outcome after making a choice.
The environment may change unpredictably, and past success does not guarantee future results. You’ll need to adapt to these changes to keep finding the better machine.You will play 1 game in total, consisting of 100 trials. Game 1. There are 100 trials in this game.You press <<U> and get 0 points.
You press <<P> and get 1 points.
You press <<P> and get 1 points.
You press <<P> and get 1 points.
You press <<P> and get 1 points.
You press <<",P,U,0,56,-2.359375,"[{'token': 'P', 'prob': 0.90625}, {'token': 'U', 'prob': 0.09521484375}]"
66,"You are participating in multiple games involving two slot machines, labeled U and P.
You can choose a slot machine by pressing its corresponding key.When you select one of the machines, you will win 1 or 0 points.Your goal is to choose the slot machines that will give you the most points.You will receive feedback about the outcome after making a choice.
The environment may change unpredictably, and past success does not guarantee future results. You’ll need to adapt to these changes to keep finding the better machine.You will play 1 game in total, consisting of 100 trials. Game 1. There are 100 trials in this game.You press <<P> and get 1 points.
You press <<P> and get 1 points.
You press <<P> and get 1 points.
You press <<P> and get 1 points.
You press <<U> and get 0 points.
You press <<",P,P,1,57,-0.203125,"[{'token': 'P', 'prob': 0.81640625}, {'token': 'U', 'prob': 0.1826171875}]"
67,"You are participating in multiple games involving two slot machines, labeled U and P.
You can choose a slot machine by pressing its corresponding key.When you select one of the machines, you will win 1 or 0 points.Your goal is to choose the slot machines that will give you the most points.You will receive feedback about the outcome after making a choice.
The environment may change unpredictably, and past success does not guarantee future results. You’ll need to adapt to these changes to keep finding the better machine.You will play 1 game in total, consisting of 100 trials. Game 1. There are 100 trials in this game.You press <<P> and get 1 points.
You press <<P> and get 1 points.
You press <<P> and get 1 points.
You press <<U> and get 0 points.
You press <<P> and get 1 points.
You press <<",P,P,1,58,-0.1611328125,"[{'token': 'P', 'prob': 0.8515625}, {'token': 'U', 'prob': 0.1484375}]"
68,"You are participating in multiple games involving two slot machines, labeled U and P.
You can choose a slot machine by pressing its corresponding key.When you select one of the machines, you will win 1 or 0 points.Your goal is to choose the slot machines that will give you the most points.You will receive feedback about the outcome after making a choice.
The environment may change unpredictably, and past success does not guarantee future results. You’ll need to adapt to these changes to keep finding the better machine.You will play 1 game in total, consisting of 100 trials. Game 1. There are 100 trials in this game.You press <<P> and get 1 points.
You press <<P> and get 1 points.
You press <<U> and get 0 points.
You press <<P> and get 1 points.
You press <<P> and get 1 points.
You press <<",P,P,1,59,-0.203125,"[{'token': 'P', 'prob': 0.81640625}, {'token': 'U', 'prob': 0.1826171875}]"
69,"You are participating in multiple games involving two slot machines, labeled U and P.
You can choose a slot machine by pressing its corresponding key.When you select one of the machines, you will win 1 or 0 points.Your goal is to choose the slot machines that will give you the most points.You will receive feedback about the outcome after making a choice.
The environment may change unpredictably, and past success does not guarantee future results. You’ll need to adapt to these changes to keep finding the better machine.You will play 1 game in total, consisting of 100 trials. Game 1. There are 100 trials in this game.You press <<P> and get 1 points.
You press <<U> and get 0 points.
You press <<P> and get 1 points.
You press <<P> and get 1 points.
You press <<P> and get 1 points.
You press <<",P,P,1,60,-0.1611328125,"[{'token': 'P', 'prob': 0.8515625}, {'token': 'U', 'prob': 0.1484375}]"
70,"You are participating in multiple games involving two slot machines, labeled U and P.
You can choose a slot machine by pressing its corresponding key.When you select one of the machines, you will win 1 or 0 points.Your goal is to choose the slot machines that will give you the most points.You will receive feedback about the outcome after making a choice.
The environment may change unpredictably, and past success does not guarantee future results. You’ll need to adapt to these changes to keep finding the better machine.You will play 1 game in total, consisting of 100 trials. Game 1. There are 100 trials in this game.You press <<U> and get 0 points.
You press <<P> and get 1 points.
You press <<P> and get 1 points.
You press <<P> and get 1 points.
You press <<P> and get 1 points.
You press <<",P,P,1,61,-0.0986328125,"[{'token': 'P', 'prob': 0.90625}, {'token': 'U', 'prob': 0.09521484375}]"
71,"You are participating in multiple games involving two slot machines, labeled U and P.
You can choose a slot machine by pressing its corresponding key.When you select one of the machines, you will win 1 or 0 points.Your goal is to choose the slot machines that will give you the most points.You will receive feedback about the outcome after making a choice.
The environment may change unpredictably, and past success does not guarantee future results. You’ll need to adapt to these changes to keep finding the better machine.You will play 1 game in total, consisting of 100 trials. Game 1. There are 100 trials in this game.You press <<P> and get 1 points.
You press <<P> and get 1 points.
You press <<P> and get 1 points.
You press <<P> and get 1 points.
You press <<P> and get 1 points.
You press <<",P,P,1,62,-0.0986328125,"[{'token': 'P', 'prob': 0.90625}, {'token': 'U', 'prob': 0.09521484375}]"
72,"You are participating in multiple games involving two slot machines, labeled U and P.
You can choose a slot machine by pressing its corresponding key.When you select one of the machines, you will win 1 or 0 points.Your goal is to choose the slot machines that will give you the most points.You will receive feedback about the outcome after making a choice.
The environment may change unpredictably, and past success does not guarantee future results. You’ll need to adapt to these changes to keep finding the better machine.You will play 1 game in total, consisting of 100 trials. Game 1. There are 100 trials in this game.You press <<P> and get 1 points.
You press <<P> and get 1 points.
You press <<P> and get 1 points.
You press <<P> and get 1 points.
You press <<P> and get 1 points.
You press <<",P,P,1,63,-0.0986328125,"[{'token': 'P', 'prob': 0.90625}, {'token': 'U', 'prob': 0.09521484375}]"
73,"You are participating in multiple games involving two slot machines, labeled U and P.
You can choose a slot machine by pressing its corresponding key.When you select one of the machines, you will win 1 or 0 points.Your goal is to choose the slot machines that will give you the most points.You will receive feedback about the outcome after making a choice.
The environment may change unpredictably, and past success does not guarantee future results. You’ll need to adapt to these changes to keep finding the better machine.You will play 1 game in total, consisting of 100 trials. Game 1. There are 100 trials in this game.You press <<P> and get 1 points.
You press <<P> and get 1 points.
You press <<P> and get 1 points.
You press <<P> and get 1 points.
You press <<P> and get 1 points.
You press <<",P,P,1,64,-0.0986328125,"[{'token': 'P', 'prob': 0.90625}, {'token': 'U', 'prob': 0.09521484375}]"
74,"You are participating in multiple games involving two slot machines, labeled U and P.
You can choose a slot machine by pressing its corresponding key.When you select one of the machines, you will win 1 or 0 points.Your goal is to choose the slot machines that will give you the most points.You will receive feedback about the outcome after making a choice.
The environment may change unpredictably, and past success does not guarantee future results. You’ll need to adapt to these changes to keep finding the better machine.You will play 1 game in total, consisting of 100 trials. Game 1. There are 100 trials in this game.You press <<P> and get 1 points.
You press <<P> and get 1 points.
You press <<P> and get 1 points.
You press <<P> and get 1 points.
You press <<P> and get 1 points.
You press <<",P,U,0,64,-2.359375,"[{'token': 'P', 'prob': 0.90625}, {'token': 'U', 'prob': 0.09521484375}]"
75,"You are participating in multiple games involving two slot machines, labeled U and P.
You can choose a slot machine by pressing its corresponding key.When you select one of the machines, you will win 1 or 0 points.Your goal is to choose the slot machines that will give you the most points.You will receive feedback about the outcome after making a choice.
The environment may change unpredictably, and past success does not guarantee future results. You’ll need to adapt to these changes to keep finding the better machine.You will play 1 game in total, consisting of 100 trials. Game 1. There are 100 trials in this game.You press <<P> and get 1 points.
You press <<P> and get 1 points.
You press <<P> and get 1 points.
You press <<P> and get 1 points.
You press <<U> and get 0 points.
You press <<",P,P,1,65,-0.203125,"[{'token': 'P', 'prob': 0.81640625}, {'token': 'U', 'prob': 0.1826171875}]"
76,"You are participating in multiple games involving two slot machines, labeled U and P.
You can choose a slot machine by pressing its corresponding key.When you select one of the machines, you will win 1 or 0 points.Your goal is to choose the slot machines that will give you the most points.You will receive feedback about the outcome after making a choice.
The environment may change unpredictably, and past success does not guarantee future results. You’ll need to adapt to these changes to keep finding the better machine.You will play 1 game in total, consisting of 100 trials. Game 1. There are 100 trials in this game.You press <<P> and get 1 points.
You press <<P> and get 1 points.
You press <<P> and get 1 points.
You press <<U> and get 0 points.
You press <<P> and get 1 points.
You press <<",P,P,1,66,-0.1611328125,"[{'token': 'P', 'prob': 0.8515625}, {'token': 'U', 'prob': 0.1484375}]"
77,"You are participating in multiple games involving two slot machines, labeled U and P.
You can choose a slot machine by pressing its corresponding key.When you select one of the machines, you will win 1 or 0 points.Your goal is to choose the slot machines that will give you the most points.You will receive feedback about the outcome after making a choice.
The environment may change unpredictably, and past success does not guarantee future results. You’ll need to adapt to these changes to keep finding the better machine.You will play 1 game in total, consisting of 100 trials. Game 1. There are 100 trials in this game.You press <<P> and get 1 points.
You press <<P> and get 1 points.
You press <<U> and get 0 points.
You press <<P> and get 1 points.
You press <<P> and get 1 points.
You press <<",P,P,1,67,-0.203125,"[{'token': 'P', 'prob': 0.81640625}, {'token': 'U', 'prob': 0.1826171875}]"
78,"You are participating in multiple games involving two slot machines, labeled U and P.
You can choose a slot machine by pressing its corresponding key.When you select one of the machines, you will win 1 or 0 points.Your goal is to choose the slot machines that will give you the most points.You will receive feedback about the outcome after making a choice.
The environment may change unpredictably, and past success does not guarantee future results. You’ll need to adapt to these changes to keep finding the better machine.You will play 1 game in total, consisting of 100 trials. Game 1. There are 100 trials in this game.You press <<P> and get 1 points.
You press <<U> and get 0 points.
You press <<P> and get 1 points.
You press <<P> and get 1 points.
You press <<P> and get 1 points.
You press <<",P,P,1,68,-0.1611328125,"[{'token': 'P', 'prob': 0.8515625}, {'token': 'U', 'prob': 0.1484375}]"
79,"You are participating in multiple games involving two slot machines, labeled U and P.
You can choose a slot machine by pressing its corresponding key.When you select one of the machines, you will win 1 or 0 points.Your goal is to choose the slot machines that will give you the most points.You will receive feedback about the outcome after making a choice.
The environment may change unpredictably, and past success does not guarantee future results. You’ll need to adapt to these changes to keep finding the better machine.You will play 1 game in total, consisting of 100 trials. Game 1. There are 100 trials in this game.You press <<U> and get 0 points.
You press <<P> and get 1 points.
You press <<P> and get 1 points.
You press <<P> and get 1 points.
You press <<P> and get 1 points.
You press <<",P,U,0,68,-2.359375,"[{'token': 'P', 'prob': 0.90625}, {'token': 'U', 'prob': 0.09521484375}]"
80,"You are participating in multiple games involving two slot machines, labeled U and P.
You can choose a slot machine by pressing its corresponding key.When you select one of the machines, you will win 1 or 0 points.Your goal is to choose the slot machines that will give you the most points.You will receive feedback about the outcome after making a choice.
The environment may change unpredictably, and past success does not guarantee future results. You’ll need to adapt to these changes to keep finding the better machine.You will play 1 game in total, consisting of 100 trials. Game 1. There are 100 trials in this game.You press <<P> and get 1 points.
You press <<P> and get 1 points.
You press <<P> and get 1 points.
You press <<P> and get 1 points.
You press <<U> and get 0 points.
You press <<",P,P,1,69,-0.203125,"[{'token': 'P', 'prob': 0.81640625}, {'token': 'U', 'prob': 0.1826171875}]"
81,"You are participating in multiple games involving two slot machines, labeled U and P.
You can choose a slot machine by pressing its corresponding key.When you select one of the machines, you will win 1 or 0 points.Your goal is to choose the slot machines that will give you the most points.You will receive feedback about the outcome after making a choice.
The environment may change unpredictably, and past success does not guarantee future results. You’ll need to adapt to these changes to keep finding the better machine.You will play 1 game in total, consisting of 100 trials. Game 1. There are 100 trials in this game.You press <<P> and get 1 points.
You press <<P> and get 1 points.
You press <<P> and get 1 points.
You press <<U> and get 0 points.
You press <<P> and get 1 points.
You press <<",P,P,1,70,-0.1611328125,"[{'token': 'P', 'prob': 0.8515625}, {'token': 'U', 'prob': 0.1484375}]"
82,"You are participating in multiple games involving two slot machines, labeled U and P.
You can choose a slot machine by pressing its corresponding key.When you select one of the machines, you will win 1 or 0 points.Your goal is to choose the slot machines that will give you the most points.You will receive feedback about the outcome after making a choice.
The environment may change unpredictably, and past success does not guarantee future results. You’ll need to adapt to these changes to keep finding the better machine.You will play 1 game in total, consisting of 100 trials. Game 1. There are 100 trials in this game.You press <<P> and get 1 points.
You press <<P> and get 1 points.
You press <<U> and get 0 points.
You press <<P> and get 1 points.
You press <<P> and get 1 points.
You press <<",P,P,1,71,-0.203125,"[{'token': 'P', 'prob': 0.81640625}, {'token': 'U', 'prob': 0.1826171875}]"
83,"You are participating in multiple games involving two slot machines, labeled U and P.
You can choose a slot machine by pressing its corresponding key.When you select one of the machines, you will win 1 or 0 points.Your goal is to choose the slot machines that will give you the most points.You will receive feedback about the outcome after making a choice.
The environment may change unpredictably, and past success does not guarantee future results. You’ll need to adapt to these changes to keep finding the better machine.You will play 1 game in total, consisting of 100 trials. Game 1. There are 100 trials in this game.You press <<P> and get 1 points.
You press <<U> and get 0 points.
You press <<P> and get 1 points.
You press <<P> and get 1 points.
You press <<P> and get 1 points.
You press <<",P,P,1,72,-0.1611328125,"[{'token': 'P', 'prob': 0.8515625}, {'token': 'U', 'prob': 0.1484375}]"
84,"You are participating in multiple games involving two slot machines, labeled U and P.
You can choose a slot machine by pressing its corresponding key.When you select one of the machines, you will win 1 or 0 points.Your goal is to choose the slot machines that will give you the most points.You will receive feedback about the outcome after making a choice.
The environment may change unpredictably, and past success does not guarantee future results. You’ll need to adapt to these changes to keep finding the better machine.You will play 1 game in total, consisting of 100 trials. Game 1. There are 100 trials in this game.You press <<U> and get 0 points.
You press <<P> and get 1 points.
You press <<P> and get 1 points.
You press <<P> and get 1 points.
You press <<P> and get 1 points.
You press <<",P,P,1,73,-0.0986328125,"[{'token': 'P', 'prob': 0.90625}, {'token': 'U', 'prob': 0.09521484375}]"
85,"You are participating in multiple games involving two slot machines, labeled U and P.
You can choose a slot machine by pressing its corresponding key.When you select one of the machines, you will win 1 or 0 points.Your goal is to choose the slot machines that will give you the most points.You will receive feedback about the outcome after making a choice.
The environment may change unpredictably, and past success does not guarantee future results. You’ll need to adapt to these changes to keep finding the better machine.You will play 1 game in total, consisting of 100 trials. Game 1. There are 100 trials in this game.You press <<P> and get 1 points.
You press <<P> and get 1 points.
You press <<P> and get 1 points.
You press <<P> and get 1 points.
You press <<P> and get 1 points.
You press <<",P,P,1,74,-0.0986328125,"[{'token': 'P', 'prob': 0.90625}, {'token': 'U', 'prob': 0.09521484375}]"
86,"You are participating in multiple games involving two slot machines, labeled U and P.
You can choose a slot machine by pressing its corresponding key.When you select one of the machines, you will win 1 or 0 points.Your goal is to choose the slot machines that will give you the most points.You will receive feedback about the outcome after making a choice.
The environment may change unpredictably, and past success does not guarantee future results. You’ll need to adapt to these changes to keep finding the better machine.You will play 1 game in total, consisting of 100 trials. Game 1. There are 100 trials in this game.You press <<P> and get 1 points.
You press <<P> and get 1 points.
You press <<P> and get 1 points.
You press <<P> and get 1 points.
You press <<P> and get 1 points.
You press <<",P,P,1,75,-0.0986328125,"[{'token': 'P', 'prob': 0.90625}, {'token': 'U', 'prob': 0.09521484375}]"
87,"You are participating in multiple games involving two slot machines, labeled U and P.
You can choose a slot machine by pressing its corresponding key.When you select one of the machines, you will win 1 or 0 points.Your goal is to choose the slot machines that will give you the most points.You will receive feedback about the outcome after making a choice.
The environment may change unpredictably, and past success does not guarantee future results. You’ll need to adapt to these changes to keep finding the better machine.You will play 1 game in total, consisting of 100 trials. Game 1. There are 100 trials in this game.You press <<P> and get 1 points.
You press <<P> and get 1 points.
You press <<P> and get 1 points.
You press <<P> and get 1 points.
You press <<P> and get 1 points.
You press <<",P,P,1,76,-0.0986328125,"[{'token': 'P', 'prob': 0.90625}, {'token': 'U', 'prob': 0.09521484375}]"
88,"You are participating in multiple games involving two slot machines, labeled U and P.
You can choose a slot machine by pressing its corresponding key.When you select one of the machines, you will win 1 or 0 points.Your goal is to choose the slot machines that will give you the most points.You will receive feedback about the outcome after making a choice.
The environment may change unpredictably, and past success does not guarantee future results. You’ll need to adapt to these changes to keep finding the better machine.You will play 1 game in total, consisting of 100 trials. Game 1. There are 100 trials in this game.You press <<P> and get 1 points.
You press <<P> and get 1 points.
You press <<P> and get 1 points.
You press <<P> and get 1 points.
You press <<P> and get 1 points.
You press <<",P,P,0,76,-0.0986328125,"[{'token': 'P', 'prob': 0.90625}, {'token': 'U', 'prob': 0.09521484375}]"
89,"You are participating in multiple games involving two slot machines, labeled U and P.
You can choose a slot machine by pressing its corresponding key.When you select one of the machines, you will win 1 or 0 points.Your goal is to choose the slot machines that will give you the most points.You will receive feedback about the outcome after making a choice.
The environment may change unpredictably, and past success does not guarantee future results. You’ll need to adapt to these changes to keep finding the better machine.You will play 1 game in total, consisting of 100 trials. Game 1. There are 100 trials in this game.You press <<P> and get 1 points.
You press <<P> and get 1 points.
You press <<P> and get 1 points.
You press <<P> and get 1 points.
You press <<P> and get 0 points.
You press <<",P,U,1,77,-0.828125,"[{'token': 'P', 'prob': 0.5625}, {'token': 'U', 'prob': 0.4375}]"
90,"You are participating in multiple games involving two slot machines, labeled U and P.
You can choose a slot machine by pressing its corresponding key.When you select one of the machines, you will win 1 or 0 points.Your goal is to choose the slot machines that will give you the most points.You will receive feedback about the outcome after making a choice.
The environment may change unpredictably, and past success does not guarantee future results. You’ll need to adapt to these changes to keep finding the better machine.You will play 1 game in total, consisting of 100 trials. Game 1. There are 100 trials in this game.You press <<P> and get 1 points.
You press <<P> and get 1 points.
You press <<P> and get 1 points.
You press <<P> and get 0 points.
You press <<U> and get 1 points.
You press <<",U,P,1,78,-1.703125,"[{'token': 'U', 'prob': 0.81640625}, {'token': 'P', 'prob': 0.1826171875}]"
91,"You are participating in multiple games involving two slot machines, labeled U and P.
You can choose a slot machine by pressing its corresponding key.When you select one of the machines, you will win 1 or 0 points.Your goal is to choose the slot machines that will give you the most points.You will receive feedback about the outcome after making a choice.
The environment may change unpredictably, and past success does not guarantee future results. You’ll need to adapt to these changes to keep finding the better machine.You will play 1 game in total, consisting of 100 trials. Game 1. There are 100 trials in this game.You press <<P> and get 1 points.
You press <<P> and get 1 points.
You press <<P> and get 0 points.
You press <<U> and get 1 points.
You press <<P> and get 1 points.
You press <<",U,U,0,78,-0.57421875,"[{'token': 'U', 'prob': 0.5625}, {'token': 'P', 'prob': 0.4375}]"
92,"You are participating in multiple games involving two slot machines, labeled U and P.
You can choose a slot machine by pressing its corresponding key.When you select one of the machines, you will win 1 or 0 points.Your goal is to choose the slot machines that will give you the most points.You will receive feedback about the outcome after making a choice.
The environment may change unpredictably, and past success does not guarantee future results. You’ll need to adapt to these changes to keep finding the better machine.You will play 1 game in total, consisting of 100 trials. Game 1. There are 100 trials in this game.You press <<P> and get 1 points.
You press <<P> and get 0 points.
You press <<U> and get 1 points.
You press <<P> and get 1 points.
You press <<U> and get 0 points.
You press <<",P,U,0,78,-1.5,"[{'token': 'P', 'prob': 0.77734375}, {'token': 'U', 'prob': 0.22265625}]"
93,"You are participating in multiple games involving two slot machines, labeled U and P.
You can choose a slot machine by pressing its corresponding key.When you select one of the machines, you will win 1 or 0 points.Your goal is to choose the slot machines that will give you the most points.You will receive feedback about the outcome after making a choice.
The environment may change unpredictably, and past success does not guarantee future results. You’ll need to adapt to these changes to keep finding the better machine.You will play 1 game in total, consisting of 100 trials. Game 1. There are 100 trials in this game.You press <<P> and get 0 points.
You press <<U> and get 1 points.
You press <<P> and get 1 points.
You press <<U> and get 0 points.
You press <<U> and get 0 points.
You press <<",P,P,1,79,-0.38671875,"[{'token': 'P', 'prob': 0.6796875}, {'token': 'U', 'prob': 0.3203125}]"
94,"You are participating in multiple games involving two slot machines, labeled U and P.
You can choose a slot machine by pressing its corresponding key.When you select one of the machines, you will win 1 or 0 points.Your goal is to choose the slot machines that will give you the most points.You will receive feedback about the outcome after making a choice.
The environment may change unpredictably, and past success does not guarantee future results. You’ll need to adapt to these changes to keep finding the better machine.You will play 1 game in total, consisting of 100 trials. Game 1. There are 100 trials in this game.You press <<U> and get 1 points.
You press <<P> and get 1 points.
You press <<U> and get 0 points.
You press <<U> and get 0 points.
You press <<P> and get 1 points.
You press <<",P,P,1,80,-0.4765625,"[{'token': 'P', 'prob': 0.62109375}, {'token': 'U', 'prob': 0.376953125}]"
95,"You are participating in multiple games involving two slot machines, labeled U and P.
You can choose a slot machine by pressing its corresponding key.When you select one of the machines, you will win 1 or 0 points.Your goal is to choose the slot machines that will give you the most points.You will receive feedback about the outcome after making a choice.
The environment may change unpredictably, and past success does not guarantee future results. You’ll need to adapt to these changes to keep finding the better machine.You will play 1 game in total, consisting of 100 trials. Game 1. There are 100 trials in this game.You press <<P> and get 1 points.
You press <<U> and get 0 points.
You press <<U> and get 0 points.
You press <<P> and get 1 points.
You press <<P> and get 1 points.
You press <<",P,P,1,81,-0.38671875,"[{'token': 'P', 'prob': 0.6796875}, {'token': 'U', 'prob': 0.3203125}]"
96,"You are participating in multiple games involving two slot machines, labeled U and P.
You can choose a slot machine by pressing its corresponding key.When you select one of the machines, you will win 1 or 0 points.Your goal is to choose the slot machines that will give you the most points.You will receive feedback about the outcome after making a choice.
The environment may change unpredictably, and past success does not guarantee future results. You’ll need to adapt to these changes to keep finding the better machine.You will play 1 game in total, consisting of 100 trials. Game 1. There are 100 trials in this game.You press <<U> and get 0 points.
You press <<U> and get 0 points.
You press <<P> and get 1 points.
You press <<P> and get 1 points.
You press <<P> and get 1 points.
You press <<",P,P,1,82,-0.1611328125,"[{'token': 'P', 'prob': 0.8515625}, {'token': 'U', 'prob': 0.1484375}]"
97,"You are participating in multiple games involving two slot machines, labeled U and P.
You can choose a slot machine by pressing its corresponding key.When you select one of the machines, you will win 1 or 0 points.Your goal is to choose the slot machines that will give you the most points.You will receive feedback about the outcome after making a choice.
The environment may change unpredictably, and past success does not guarantee future results. You’ll need to adapt to these changes to keep finding the better machine.You will play 1 game in total, consisting of 100 trials. Game 1. There are 100 trials in this game.You press <<U> and get 0 points.
You press <<P> and get 1 points.
You press <<P> and get 1 points.
You press <<P> and get 1 points.
You press <<P> and get 1 points.
You press <<",P,P,1,83,-0.0986328125,"[{'token': 'P', 'prob': 0.90625}, {'token': 'U', 'prob': 0.09521484375}]"
98,"You are participating in multiple games involving two slot machines, labeled U and P.
You can choose a slot machine by pressing its corresponding key.When you select one of the machines, you will win 1 or 0 points.Your goal is to choose the slot machines that will give you the most points.You will receive feedback about the outcome after making a choice.
The environment may change unpredictably, and past success does not guarantee future results. You’ll need to adapt to these changes to keep finding the better machine.You will play 1 game in total, consisting of 100 trials. Game 1. There are 100 trials in this game.You press <<P> and get 1 points.
You press <<P> and get 1 points.
You press <<P> and get 1 points.
You press <<P> and get 1 points.
You press <<P> and get 1 points.
You press <<",P,P,1,84,-0.0986328125,"[{'token': 'P', 'prob': 0.90625}, {'token': 'U', 'prob': 0.09521484375}]"
99,"You are participating in multiple games involving two slot machines, labeled U and P.
You can choose a slot machine by pressing its corresponding key.When you select one of the machines, you will win 1 or 0 points.Your goal is to choose the slot machines that will give you the most points.You will receive feedback about the outcome after making a choice.
The environment may change unpredictably, and past success does not guarantee future results. You’ll need to adapt to these changes to keep finding the better machine.You will play 1 game in total, consisting of 100 trials. Game 1. There are 100 trials in this game.You press <<P> and get 1 points.
You press <<P> and get 1 points.
You press <<P> and get 1 points.
You press <<P> and get 1 points.
You press <<P> and get 1 points.
You press <<",P,P,1,85,-0.0986328125,"[{'token': 'P', 'prob': 0.90625}, {'token': 'U', 'prob': 0.09521484375}]"
