,trial,choice,reward,score,model_id,bandit1_chosen
0,1,bandit_2,1,1,0,0
1,2,bandit_2,0,1,0,0
2,3,bandit_2,0,1,0,0
3,4,bandit_2,1,2,0,0
4,5,bandit_2,1,3,0,0
5,6,bandit_2,0,3,0,0
6,7,bandit_2,1,4,0,0
7,8,bandit_2,0,4,0,0
8,9,bandit_2,0,4,0,0
9,10,bandit_2,1,5,0,0
10,11,bandit_2,1,6,0,0
11,12,bandit_2,1,7,0,0
12,13,bandit_2,0,7,0,0
13,14,bandit_2,0,7,0,0
14,15,bandit_2,1,8,0,0
15,16,bandit_2,0,8,0,0
16,17,bandit_2,0,8,0,0
17,18,bandit_2,0,8,0,0
18,19,bandit_2,0,8,0,0
19,20,bandit_2,0,8,0,0
20,21,bandit_2,0,8,0,0
21,22,bandit_2,0,8,0,0
22,23,bandit_2,0,8,0,0
23,24,bandit_2,0,8,0,0
24,25,bandit_2,0,8,0,0
25,26,bandit_2,1,9,0,0
26,27,bandit_2,0,9,0,0
27,28,bandit_2,0,9,0,0
28,29,bandit_2,0,9,0,0
29,30,bandit_2,0,9,0,0
30,31,bandit_2,0,9,0,0
31,32,bandit_2,0,9,0,0
32,33,bandit_2,0,9,0,0
33,34,bandit_2,1,10,0,0
34,35,bandit_2,0,10,0,0
35,36,bandit_2,0,10,0,0
36,37,bandit_2,0,10,0,0
37,38,bandit_2,0,10,0,0
38,39,bandit_2,0,10,0,0
39,40,bandit_2,0,10,0,0
40,41,bandit_2,0,10,0,0
41,42,bandit_2,0,10,0,0
42,43,bandit_2,1,11,0,0
43,44,bandit_2,0,11,0,0
44,45,bandit_2,1,12,0,0
45,46,bandit_2,0,12,0,0
46,47,bandit_2,0,12,0,0
47,48,bandit_2,0,12,0,0
48,49,bandit_2,0,12,0,0
49,50,bandit_2,1,13,0,0
50,51,bandit_2,1,14,0,0
51,52,bandit_2,1,15,0,0
52,53,bandit_2,1,16,0,0
53,54,bandit_2,1,17,0,0
54,55,bandit_2,1,18,0,0
55,56,bandit_2,1,19,0,0
56,57,bandit_2,1,20,0,0
57,58,bandit_2,1,21,0,0
58,59,bandit_2,1,22,0,0
59,60,bandit_2,1,23,0,0
60,61,bandit_2,1,24,0,0
61,62,bandit_2,1,25,0,0
62,63,bandit_2,1,26,0,0
63,64,bandit_2,1,27,0,0
64,65,bandit_2,1,28,0,0
65,66,bandit_2,1,29,0,0
66,67,bandit_2,1,30,0,0
67,68,bandit_2,1,31,0,0
68,69,bandit_2,1,32,0,0
69,70,bandit_2,1,33,0,0
70,71,bandit_2,1,34,0,0
71,72,bandit_2,1,35,0,0
72,73,bandit_2,1,36,0,0
73,74,bandit_2,1,37,0,0
74,75,bandit_2,1,38,0,0
75,76,bandit_2,1,39,0,0
76,77,bandit_2,1,40,0,0
77,78,bandit_2,1,41,0,0
78,79,bandit_2,1,42,0,0
79,80,bandit_2,1,43,0,0
80,81,bandit_2,1,44,0,0
81,82,bandit_2,1,45,0,0
82,83,bandit_2,1,46,0,0
83,84,bandit_2,1,47,0,0
84,85,bandit_2,1,48,0,0
85,86,bandit_2,1,49,0,0
86,87,bandit_2,1,50,0,0
87,88,bandit_2,1,51,0,0
88,89,bandit_2,0,51,0,0
89,90,bandit_2,1,52,0,0
90,91,bandit_2,1,53,0,0
91,92,bandit_2,1,54,0,0
92,93,bandit_2,1,55,0,0
93,94,bandit_2,1,56,0,0
94,95,bandit_2,1,57,0,0
95,96,bandit_2,1,58,0,0
96,97,bandit_2,1,59,0,0
97,98,bandit_2,1,60,0,0
98,99,bandit_2,1,61,0,0
99,100,bandit_2,1,62,0,0
100,1,bandit_1,1,1,1,1
101,2,bandit_1,1,2,1,1
102,3,bandit_1,1,3,1,1
103,4,bandit_1,0,3,1,1
104,5,bandit_1,1,4,1,1
105,6,bandit_1,1,5,1,1
106,7,bandit_1,1,6,1,1
107,8,bandit_1,1,7,1,1
108,9,bandit_1,1,8,1,1
109,10,bandit_1,0,8,1,1
110,11,bandit_1,1,9,1,1
111,12,bandit_1,1,10,1,1
112,13,bandit_1,1,11,1,1
113,14,bandit_1,1,12,1,1
114,15,bandit_1,1,13,1,1
115,16,bandit_1,1,14,1,1
116,17,bandit_1,1,15,1,1
117,18,bandit_1,1,16,1,1
118,19,bandit_1,1,17,1,1
119,20,bandit_1,1,18,1,1
120,21,bandit_1,1,19,1,1
121,22,bandit_1,1,20,1,1
122,23,bandit_1,1,21,1,1
123,24,bandit_1,1,22,1,1
124,25,bandit_1,1,23,1,1
125,26,bandit_1,1,24,1,1
126,27,bandit_1,1,25,1,1
127,28,bandit_1,1,26,1,1
128,29,bandit_1,1,27,1,1
129,30,bandit_1,1,28,1,1
130,31,bandit_1,1,29,1,1
131,32,bandit_1,1,30,1,1
132,33,bandit_1,1,31,1,1
133,34,bandit_1,1,32,1,1
134,35,bandit_1,1,33,1,1
135,36,bandit_1,1,34,1,1
136,37,bandit_1,1,35,1,1
137,38,bandit_1,1,36,1,1
138,39,bandit_1,1,37,1,1
139,40,bandit_1,1,38,1,1
140,41,bandit_1,1,39,1,1
141,42,bandit_1,1,40,1,1
142,43,bandit_1,1,41,1,1
143,44,bandit_1,1,42,1,1
144,45,bandit_1,1,43,1,1
145,46,bandit_1,1,44,1,1
146,47,bandit_1,1,45,1,1
147,48,bandit_1,1,46,1,1
148,49,bandit_1,1,47,1,1
149,50,bandit_1,1,48,1,1
150,51,bandit_1,1,49,1,1
151,52,bandit_1,1,50,1,1
152,53,bandit_1,0,50,1,1
153,54,bandit_1,0,50,1,1
154,55,bandit_1,0,50,1,1
155,56,bandit_1,0,50,1,1
156,57,bandit_1,0,50,1,1
157,58,bandit_1,0,50,1,1
158,59,bandit_1,0,50,1,1
159,60,bandit_1,1,51,1,1
160,61,bandit_1,0,51,1,1
161,62,bandit_1,0,51,1,1
162,63,bandit_1,1,52,1,1
163,64,bandit_1,0,52,1,1
164,65,bandit_1,0,52,1,1
165,66,bandit_1,0,52,1,1
166,67,bandit_1,0,52,1,1
167,68,bandit_1,0,52,1,1
168,69,bandit_1,0,52,1,1
169,70,bandit_1,1,53,1,1
170,71,bandit_1,0,53,1,1
171,72,bandit_1,0,53,1,1
172,73,bandit_1,0,53,1,1
173,74,bandit_1,0,53,1,1
174,75,bandit_1,0,53,1,1
175,76,bandit_1,1,54,1,1
176,77,bandit_1,0,54,1,1
177,78,bandit_1,0,54,1,1
178,79,bandit_1,0,54,1,1
179,80,bandit_1,0,54,1,1
180,81,bandit_1,0,54,1,1
181,82,bandit_1,0,54,1,1
182,83,bandit_1,0,54,1,1
183,84,bandit_1,0,54,1,1
184,85,bandit_1,1,55,1,1
185,86,bandit_1,0,55,1,1
186,87,bandit_1,0,55,1,1
187,88,bandit_1,1,56,1,1
188,89,bandit_1,1,57,1,1
189,90,bandit_1,1,58,1,1
190,91,bandit_1,0,58,1,1
191,92,bandit_1,0,58,1,1
192,93,bandit_1,0,58,1,1
193,94,bandit_1,0,58,1,1
194,95,bandit_1,0,58,1,1
195,96,bandit_1,0,58,1,1
196,97,bandit_1,0,58,1,1
197,98,bandit_1,0,58,1,1
198,99,bandit_1,0,58,1,1
199,100,bandit_1,1,59,1,1
200,1,bandit_1,1,1,2,1
201,2,bandit_1,1,2,2,1
202,3,bandit_1,1,3,2,1
203,4,bandit_1,0,3,2,1
204,5,bandit_1,1,4,2,1
205,6,bandit_1,1,5,2,1
206,7,bandit_1,1,6,2,1
207,8,bandit_1,1,7,2,1
208,9,bandit_1,1,8,2,1
209,10,bandit_1,0,8,2,1
210,11,bandit_1,1,9,2,1
211,12,bandit_1,1,10,2,1
212,13,bandit_1,1,11,2,1
213,14,bandit_1,1,12,2,1
214,15,bandit_1,1,13,2,1
215,16,bandit_1,1,14,2,1
216,17,bandit_1,1,15,2,1
217,18,bandit_1,1,16,2,1
218,19,bandit_1,1,17,2,1
219,20,bandit_1,1,18,2,1
220,21,bandit_1,1,19,2,1
221,22,bandit_1,1,20,2,1
222,23,bandit_1,1,21,2,1
223,24,bandit_1,1,22,2,1
224,25,bandit_1,1,23,2,1
225,26,bandit_1,1,24,2,1
226,27,bandit_1,1,25,2,1
227,28,bandit_1,1,26,2,1
228,29,bandit_1,1,27,2,1
229,30,bandit_1,1,28,2,1
230,31,bandit_1,1,29,2,1
231,32,bandit_1,1,30,2,1
232,33,bandit_1,1,31,2,1
233,34,bandit_1,1,32,2,1
234,35,bandit_1,1,33,2,1
235,36,bandit_1,1,34,2,1
236,37,bandit_1,1,35,2,1
237,38,bandit_1,1,36,2,1
238,39,bandit_1,1,37,2,1
239,40,bandit_1,1,38,2,1
240,41,bandit_1,1,39,2,1
241,42,bandit_1,1,40,2,1
242,43,bandit_1,1,41,2,1
243,44,bandit_1,1,42,2,1
244,45,bandit_1,1,43,2,1
245,46,bandit_1,1,44,2,1
246,47,bandit_1,1,45,2,1
247,48,bandit_1,1,46,2,1
248,49,bandit_1,1,47,2,1
249,50,bandit_1,1,48,2,1
250,51,bandit_1,1,49,2,1
251,52,bandit_1,1,50,2,1
252,53,bandit_1,0,50,2,1
253,54,bandit_1,0,50,2,1
254,55,bandit_1,0,50,2,1
255,56,bandit_1,0,50,2,1
256,57,bandit_1,0,50,2,1
257,58,bandit_1,0,50,2,1
258,59,bandit_1,0,50,2,1
259,60,bandit_1,1,51,2,1
260,61,bandit_1,0,51,2,1
261,62,bandit_1,0,51,2,1
262,63,bandit_1,1,52,2,1
263,64,bandit_1,0,52,2,1
264,65,bandit_1,0,52,2,1
265,66,bandit_1,0,52,2,1
266,67,bandit_1,0,52,2,1
267,68,bandit_1,0,52,2,1
268,69,bandit_1,0,52,2,1
269,70,bandit_1,1,53,2,1
270,71,bandit_1,0,53,2,1
271,72,bandit_1,0,53,2,1
272,73,bandit_1,0,53,2,1
273,74,bandit_1,0,53,2,1
274,75,bandit_1,0,53,2,1
275,76,bandit_1,1,54,2,1
276,77,bandit_1,0,54,2,1
277,78,bandit_1,0,54,2,1
278,79,bandit_1,0,54,2,1
279,80,bandit_1,0,54,2,1
280,81,bandit_1,0,54,2,1
281,82,bandit_1,0,54,2,1
282,83,bandit_1,0,54,2,1
283,84,bandit_1,0,54,2,1
284,85,bandit_1,1,55,2,1
285,86,bandit_1,0,55,2,1
286,87,bandit_1,0,55,2,1
287,88,bandit_1,1,56,2,1
288,89,bandit_1,1,57,2,1
289,90,bandit_1,1,58,2,1
290,91,bandit_1,0,58,2,1
291,92,bandit_1,0,58,2,1
292,93,bandit_1,0,58,2,1
293,94,bandit_1,0,58,2,1
294,95,bandit_1,0,58,2,1
295,96,bandit_1,0,58,2,1
296,97,bandit_1,0,58,2,1
297,98,bandit_1,0,58,2,1
298,99,bandit_1,0,58,2,1
299,100,bandit_1,1,59,2,1
300,1,bandit_1,1,1,3,1
301,2,bandit_1,1,2,3,1
302,3,bandit_1,1,3,3,1
303,4,bandit_1,0,3,3,1
304,5,bandit_1,1,4,3,1
305,6,bandit_1,1,5,3,1
306,7,bandit_1,1,6,3,1
307,8,bandit_1,1,7,3,1
308,9,bandit_1,1,8,3,1
309,10,bandit_1,0,8,3,1
310,11,bandit_1,1,9,3,1
311,12,bandit_1,1,10,3,1
312,13,bandit_1,1,11,3,1
313,14,bandit_1,1,12,3,1
314,15,bandit_1,1,13,3,1
315,16,bandit_1,1,14,3,1
316,17,bandit_1,1,15,3,1
317,18,bandit_1,1,16,3,1
318,19,bandit_1,1,17,3,1
319,20,bandit_1,1,18,3,1
320,21,bandit_1,1,19,3,1
321,22,bandit_1,1,20,3,1
322,23,bandit_1,1,21,3,1
323,24,bandit_1,1,22,3,1
324,25,bandit_1,1,23,3,1
325,26,bandit_1,1,24,3,1
326,27,bandit_1,1,25,3,1
327,28,bandit_1,1,26,3,1
328,29,bandit_1,1,27,3,1
329,30,bandit_1,1,28,3,1
330,31,bandit_1,1,29,3,1
331,32,bandit_1,1,30,3,1
332,33,bandit_1,1,31,3,1
333,34,bandit_1,1,32,3,1
334,35,bandit_1,1,33,3,1
335,36,bandit_1,1,34,3,1
336,37,bandit_1,1,35,3,1
337,38,bandit_1,1,36,3,1
338,39,bandit_1,1,37,3,1
339,40,bandit_1,1,38,3,1
340,41,bandit_1,1,39,3,1
341,42,bandit_1,1,40,3,1
342,43,bandit_1,1,41,3,1
343,44,bandit_1,1,42,3,1
344,45,bandit_1,1,43,3,1
345,46,bandit_1,1,44,3,1
346,47,bandit_1,1,45,3,1
347,48,bandit_1,1,46,3,1
348,49,bandit_1,1,47,3,1
349,50,bandit_1,1,48,3,1
350,51,bandit_1,1,49,3,1
351,52,bandit_1,1,50,3,1
352,53,bandit_1,0,50,3,1
353,54,bandit_1,0,50,3,1
354,55,bandit_1,0,50,3,1
355,56,bandit_1,0,50,3,1
356,57,bandit_1,0,50,3,1
357,58,bandit_1,0,50,3,1
358,59,bandit_1,0,50,3,1
359,60,bandit_1,1,51,3,1
360,61,bandit_1,0,51,3,1
361,62,bandit_1,0,51,3,1
362,63,bandit_1,1,52,3,1
363,64,bandit_1,0,52,3,1
364,65,bandit_1,0,52,3,1
365,66,bandit_1,0,52,3,1
366,67,bandit_1,0,52,3,1
367,68,bandit_1,0,52,3,1
368,69,bandit_1,0,52,3,1
369,70,bandit_1,1,53,3,1
370,71,bandit_1,0,53,3,1
371,72,bandit_1,0,53,3,1
372,73,bandit_1,0,53,3,1
373,74,bandit_1,0,53,3,1
374,75,bandit_1,0,53,3,1
375,76,bandit_1,1,54,3,1
376,77,bandit_1,0,54,3,1
377,78,bandit_1,0,54,3,1
378,79,bandit_1,0,54,3,1
379,80,bandit_1,0,54,3,1
380,81,bandit_1,0,54,3,1
381,82,bandit_1,0,54,3,1
382,83,bandit_1,0,54,3,1
383,84,bandit_1,0,54,3,1
384,85,bandit_1,1,55,3,1
385,86,bandit_1,0,55,3,1
386,87,bandit_1,0,55,3,1
387,88,bandit_1,1,56,3,1
388,89,bandit_1,1,57,3,1
389,90,bandit_1,1,58,3,1
390,91,bandit_1,0,58,3,1
391,92,bandit_1,0,58,3,1
392,93,bandit_1,0,58,3,1
393,94,bandit_1,0,58,3,1
394,95,bandit_1,0,58,3,1
395,96,bandit_1,0,58,3,1
396,97,bandit_1,0,58,3,1
397,98,bandit_1,0,58,3,1
398,99,bandit_1,0,58,3,1
399,100,bandit_1,1,59,3,1
400,1,bandit_1,1,1,4,1
401,2,bandit_1,1,2,4,1
402,3,bandit_1,1,3,4,1
403,4,bandit_1,0,3,4,1
404,5,bandit_1,1,4,4,1
405,6,bandit_1,1,5,4,1
406,7,bandit_1,1,6,4,1
407,8,bandit_1,1,7,4,1
408,9,bandit_1,1,8,4,1
409,10,bandit_1,0,8,4,1
410,11,bandit_1,1,9,4,1
411,12,bandit_1,1,10,4,1
412,13,bandit_1,1,11,4,1
413,14,bandit_1,1,12,4,1
414,15,bandit_1,1,13,4,1
415,16,bandit_1,1,14,4,1
416,17,bandit_1,1,15,4,1
417,18,bandit_1,1,16,4,1
418,19,bandit_1,1,17,4,1
419,20,bandit_1,1,18,4,1
420,21,bandit_1,1,19,4,1
421,22,bandit_1,1,20,4,1
422,23,bandit_1,1,21,4,1
423,24,bandit_1,1,22,4,1
424,25,bandit_1,1,23,4,1
425,26,bandit_1,1,24,4,1
426,27,bandit_1,1,25,4,1
427,28,bandit_1,1,26,4,1
428,29,bandit_1,1,27,4,1
429,30,bandit_1,1,28,4,1
430,31,bandit_1,1,29,4,1
431,32,bandit_1,1,30,4,1
432,33,bandit_1,1,31,4,1
433,34,bandit_1,1,32,4,1
434,35,bandit_1,1,33,4,1
435,36,bandit_1,1,34,4,1
436,37,bandit_1,1,35,4,1
437,38,bandit_1,1,36,4,1
438,39,bandit_1,1,37,4,1
439,40,bandit_1,1,38,4,1
440,41,bandit_1,1,39,4,1
441,42,bandit_1,1,40,4,1
442,43,bandit_1,1,41,4,1
443,44,bandit_1,1,42,4,1
444,45,bandit_1,1,43,4,1
445,46,bandit_1,1,44,4,1
446,47,bandit_1,1,45,4,1
447,48,bandit_1,1,46,4,1
448,49,bandit_1,1,47,4,1
449,50,bandit_1,1,48,4,1
450,51,bandit_1,1,49,4,1
451,52,bandit_1,1,50,4,1
452,53,bandit_1,0,50,4,1
453,54,bandit_1,0,50,4,1
454,55,bandit_1,0,50,4,1
455,56,bandit_1,0,50,4,1
456,57,bandit_1,0,50,4,1
457,58,bandit_1,0,50,4,1
458,59,bandit_1,0,50,4,1
459,60,bandit_1,1,51,4,1
460,61,bandit_1,0,51,4,1
461,62,bandit_1,0,51,4,1
462,63,bandit_1,1,52,4,1
463,64,bandit_1,0,52,4,1
464,65,bandit_1,0,52,4,1
465,66,bandit_1,0,52,4,1
466,67,bandit_1,0,52,4,1
467,68,bandit_1,0,52,4,1
468,69,bandit_1,0,52,4,1
469,70,bandit_1,1,53,4,1
470,71,bandit_1,0,53,4,1
471,72,bandit_1,0,53,4,1
472,73,bandit_1,0,53,4,1
473,74,bandit_1,0,53,4,1
474,75,bandit_1,0,53,4,1
475,76,bandit_1,1,54,4,1
476,77,bandit_1,0,54,4,1
477,78,bandit_1,0,54,4,1
478,79,bandit_1,0,54,4,1
479,80,bandit_1,0,54,4,1
480,81,bandit_1,0,54,4,1
481,82,bandit_1,0,54,4,1
482,83,bandit_1,0,54,4,1
483,84,bandit_1,0,54,4,1
484,85,bandit_1,1,55,4,1
485,86,bandit_1,0,55,4,1
486,87,bandit_1,0,55,4,1
487,88,bandit_1,1,56,4,1
488,89,bandit_1,1,57,4,1
489,90,bandit_1,1,58,4,1
490,91,bandit_1,0,58,4,1
491,92,bandit_1,0,58,4,1
492,93,bandit_1,0,58,4,1
493,94,bandit_1,0,58,4,1
494,95,bandit_1,0,58,4,1
495,96,bandit_1,0,58,4,1
496,97,bandit_1,0,58,4,1
497,98,bandit_1,0,58,4,1
498,99,bandit_1,0,58,4,1
499,100,bandit_1,1,59,4,1
500,1,bandit_2,1,1,5,0
501,2,bandit_2,0,1,5,0
502,3,bandit_2,0,1,5,0
503,4,bandit_2,1,2,5,0
504,5,bandit_2,1,3,5,0
505,6,bandit_2,0,3,5,0
506,7,bandit_2,1,4,5,0
507,8,bandit_2,0,4,5,0
508,9,bandit_2,0,4,5,0
509,10,bandit_2,1,5,5,0
510,11,bandit_2,1,6,5,0
511,12,bandit_2,1,7,5,0
512,13,bandit_2,0,7,5,0
513,14,bandit_2,0,7,5,0
514,15,bandit_2,1,8,5,0
515,16,bandit_2,0,8,5,0
516,17,bandit_2,0,8,5,0
517,18,bandit_2,0,8,5,0
518,19,bandit_2,0,8,5,0
519,20,bandit_2,0,8,5,0
520,21,bandit_2,0,8,5,0
521,22,bandit_2,0,8,5,0
522,23,bandit_2,0,8,5,0
523,24,bandit_2,0,8,5,0
524,25,bandit_2,0,8,5,0
525,26,bandit_2,1,9,5,0
526,27,bandit_2,0,9,5,0
527,28,bandit_2,0,9,5,0
528,29,bandit_2,0,9,5,0
529,30,bandit_2,0,9,5,0
530,31,bandit_2,0,9,5,0
531,32,bandit_2,0,9,5,0
532,33,bandit_2,0,9,5,0
533,34,bandit_2,1,10,5,0
534,35,bandit_2,0,10,5,0
535,36,bandit_2,0,10,5,0
536,37,bandit_2,0,10,5,0
537,38,bandit_2,0,10,5,0
538,39,bandit_2,0,10,5,0
539,40,bandit_2,0,10,5,0
540,41,bandit_2,0,10,5,0
541,42,bandit_2,0,10,5,0
542,43,bandit_2,1,11,5,0
543,44,bandit_2,0,11,5,0
544,45,bandit_2,1,12,5,0
545,46,bandit_2,0,12,5,0
546,47,bandit_2,0,12,5,0
547,48,bandit_2,0,12,5,0
548,49,bandit_2,0,12,5,0
549,50,bandit_2,1,13,5,0
550,51,bandit_2,1,14,5,0
551,52,bandit_2,1,15,5,0
552,53,bandit_2,1,16,5,0
553,54,bandit_2,1,17,5,0
554,55,bandit_2,1,18,5,0
555,56,bandit_2,1,19,5,0
556,57,bandit_2,1,20,5,0
557,58,bandit_2,1,21,5,0
558,59,bandit_2,1,22,5,0
559,60,bandit_2,1,23,5,0
560,61,bandit_2,1,24,5,0
561,62,bandit_2,1,25,5,0
562,63,bandit_2,1,26,5,0
563,64,bandit_2,1,27,5,0
564,65,bandit_2,1,28,5,0
565,66,bandit_2,1,29,5,0
566,67,bandit_2,1,30,5,0
567,68,bandit_2,1,31,5,0
568,69,bandit_2,1,32,5,0
569,70,bandit_2,1,33,5,0
570,71,bandit_2,1,34,5,0
571,72,bandit_2,1,35,5,0
572,73,bandit_2,1,36,5,0
573,74,bandit_2,1,37,5,0
574,75,bandit_2,1,38,5,0
575,76,bandit_2,1,39,5,0
576,77,bandit_2,1,40,5,0
577,78,bandit_2,1,41,5,0
578,79,bandit_2,1,42,5,0
579,80,bandit_2,1,43,5,0
580,81,bandit_2,1,44,5,0
581,82,bandit_2,1,45,5,0
582,83,bandit_2,1,46,5,0
583,84,bandit_2,1,47,5,0
584,85,bandit_2,1,48,5,0
585,86,bandit_2,1,49,5,0
586,87,bandit_2,1,50,5,0
587,88,bandit_2,1,51,5,0
588,89,bandit_2,0,51,5,0
589,90,bandit_2,1,52,5,0
590,91,bandit_2,1,53,5,0
591,92,bandit_2,1,54,5,0
592,93,bandit_2,1,55,5,0
593,94,bandit_2,1,56,5,0
594,95,bandit_2,1,57,5,0
595,96,bandit_2,1,58,5,0
596,97,bandit_2,1,59,5,0
597,98,bandit_2,1,60,5,0
598,99,bandit_2,1,61,5,0
599,100,bandit_2,1,62,5,0
600,1,bandit_1,1,1,6,1
601,2,bandit_1,1,2,6,1
602,3,bandit_1,1,3,6,1
603,4,bandit_1,0,3,6,1
604,5,bandit_1,1,4,6,1
605,6,bandit_1,1,5,6,1
606,7,bandit_1,1,6,6,1
607,8,bandit_1,1,7,6,1
608,9,bandit_1,1,8,6,1
609,10,bandit_1,0,8,6,1
610,11,bandit_1,1,9,6,1
611,12,bandit_1,1,10,6,1
612,13,bandit_1,1,11,6,1
613,14,bandit_1,1,12,6,1
614,15,bandit_1,1,13,6,1
615,16,bandit_1,1,14,6,1
616,17,bandit_1,1,15,6,1
617,18,bandit_1,1,16,6,1
618,19,bandit_1,1,17,6,1
619,20,bandit_1,1,18,6,1
620,21,bandit_1,1,19,6,1
621,22,bandit_1,1,20,6,1
622,23,bandit_1,1,21,6,1
623,24,bandit_1,1,22,6,1
624,25,bandit_1,1,23,6,1
625,26,bandit_1,1,24,6,1
626,27,bandit_1,1,25,6,1
627,28,bandit_1,1,26,6,1
628,29,bandit_1,1,27,6,1
629,30,bandit_1,1,28,6,1
630,31,bandit_1,1,29,6,1
631,32,bandit_1,1,30,6,1
632,33,bandit_1,1,31,6,1
633,34,bandit_1,1,32,6,1
634,35,bandit_1,1,33,6,1
635,36,bandit_1,1,34,6,1
636,37,bandit_1,1,35,6,1
637,38,bandit_1,1,36,6,1
638,39,bandit_1,1,37,6,1
639,40,bandit_1,1,38,6,1
640,41,bandit_1,1,39,6,1
641,42,bandit_1,1,40,6,1
642,43,bandit_1,1,41,6,1
643,44,bandit_1,1,42,6,1
644,45,bandit_1,1,43,6,1
645,46,bandit_1,1,44,6,1
646,47,bandit_1,1,45,6,1
647,48,bandit_1,1,46,6,1
648,49,bandit_1,1,47,6,1
649,50,bandit_1,1,48,6,1
650,51,bandit_1,1,49,6,1
651,52,bandit_1,1,50,6,1
652,53,bandit_1,0,50,6,1
653,54,bandit_1,0,50,6,1
654,55,bandit_1,0,50,6,1
655,56,bandit_1,0,50,6,1
656,57,bandit_1,0,50,6,1
657,58,bandit_1,0,50,6,1
658,59,bandit_1,0,50,6,1
659,60,bandit_1,1,51,6,1
660,61,bandit_1,0,51,6,1
661,62,bandit_1,0,51,6,1
662,63,bandit_1,1,52,6,1
663,64,bandit_1,0,52,6,1
664,65,bandit_1,0,52,6,1
665,66,bandit_1,0,52,6,1
666,67,bandit_1,0,52,6,1
667,68,bandit_1,0,52,6,1
668,69,bandit_1,0,52,6,1
669,70,bandit_1,1,53,6,1
670,71,bandit_1,0,53,6,1
671,72,bandit_1,0,53,6,1
672,73,bandit_1,0,53,6,1
673,74,bandit_1,0,53,6,1
674,75,bandit_1,0,53,6,1
675,76,bandit_1,1,54,6,1
676,77,bandit_1,0,54,6,1
677,78,bandit_1,0,54,6,1
678,79,bandit_1,0,54,6,1
679,80,bandit_1,0,54,6,1
680,81,bandit_1,0,54,6,1
681,82,bandit_1,0,54,6,1
682,83,bandit_1,0,54,6,1
683,84,bandit_1,0,54,6,1
684,85,bandit_1,1,55,6,1
685,86,bandit_1,0,55,6,1
686,87,bandit_1,0,55,6,1
687,88,bandit_1,1,56,6,1
688,89,bandit_1,1,57,6,1
689,90,bandit_1,1,58,6,1
690,91,bandit_1,0,58,6,1
691,92,bandit_1,0,58,6,1
692,93,bandit_1,0,58,6,1
693,94,bandit_1,0,58,6,1
694,95,bandit_1,0,58,6,1
695,96,bandit_1,0,58,6,1
696,97,bandit_1,0,58,6,1
697,98,bandit_1,0,58,6,1
698,99,bandit_1,0,58,6,1
699,100,bandit_1,1,59,6,1
700,1,bandit_2,1,1,7,0
701,2,bandit_2,0,1,7,0
702,3,bandit_2,0,1,7,0
703,4,bandit_2,1,2,7,0
704,5,bandit_2,1,3,7,0
705,6,bandit_2,0,3,7,0
706,7,bandit_2,1,4,7,0
707,8,bandit_2,0,4,7,0
708,9,bandit_2,0,4,7,0
709,10,bandit_2,1,5,7,0
710,11,bandit_2,1,6,7,0
711,12,bandit_2,1,7,7,0
712,13,bandit_2,0,7,7,0
713,14,bandit_2,0,7,7,0
714,15,bandit_2,1,8,7,0
715,16,bandit_2,0,8,7,0
716,17,bandit_2,0,8,7,0
717,18,bandit_2,0,8,7,0
718,19,bandit_2,0,8,7,0
719,20,bandit_2,0,8,7,0
720,21,bandit_2,0,8,7,0
721,22,bandit_2,0,8,7,0
722,23,bandit_2,0,8,7,0
723,24,bandit_2,0,8,7,0
724,25,bandit_2,0,8,7,0
725,26,bandit_2,1,9,7,0
726,27,bandit_2,0,9,7,0
727,28,bandit_2,0,9,7,0
728,29,bandit_2,0,9,7,0
729,30,bandit_2,0,9,7,0
730,31,bandit_2,0,9,7,0
731,32,bandit_2,0,9,7,0
732,33,bandit_2,0,9,7,0
733,34,bandit_2,1,10,7,0
734,35,bandit_2,0,10,7,0
735,36,bandit_2,0,10,7,0
736,37,bandit_2,0,10,7,0
737,38,bandit_2,0,10,7,0
738,39,bandit_2,0,10,7,0
739,40,bandit_2,0,10,7,0
740,41,bandit_2,0,10,7,0
741,42,bandit_2,0,10,7,0
742,43,bandit_2,1,11,7,0
743,44,bandit_2,0,11,7,0
744,45,bandit_2,1,12,7,0
745,46,bandit_2,0,12,7,0
746,47,bandit_2,0,12,7,0
747,48,bandit_2,0,12,7,0
748,49,bandit_2,0,12,7,0
749,50,bandit_2,1,13,7,0
750,51,bandit_2,1,14,7,0
751,52,bandit_2,1,15,7,0
752,53,bandit_2,1,16,7,0
753,54,bandit_2,1,17,7,0
754,55,bandit_2,1,18,7,0
755,56,bandit_2,1,19,7,0
756,57,bandit_2,1,20,7,0
757,58,bandit_2,1,21,7,0
758,59,bandit_2,1,22,7,0
759,60,bandit_2,1,23,7,0
760,61,bandit_2,1,24,7,0
761,62,bandit_2,1,25,7,0
762,63,bandit_2,1,26,7,0
763,64,bandit_2,1,27,7,0
764,65,bandit_2,1,28,7,0
765,66,bandit_2,1,29,7,0
766,67,bandit_2,1,30,7,0
767,68,bandit_2,1,31,7,0
768,69,bandit_2,1,32,7,0
769,70,bandit_2,1,33,7,0
770,71,bandit_2,1,34,7,0
771,72,bandit_2,1,35,7,0
772,73,bandit_2,1,36,7,0
773,74,bandit_2,1,37,7,0
774,75,bandit_2,1,38,7,0
775,76,bandit_2,1,39,7,0
776,77,bandit_2,1,40,7,0
777,78,bandit_2,1,41,7,0
778,79,bandit_2,1,42,7,0
779,80,bandit_2,1,43,7,0
780,81,bandit_2,1,44,7,0
781,82,bandit_2,1,45,7,0
782,83,bandit_2,1,46,7,0
783,84,bandit_2,1,47,7,0
784,85,bandit_2,1,48,7,0
785,86,bandit_2,1,49,7,0
786,87,bandit_2,1,50,7,0
787,88,bandit_2,1,51,7,0
788,89,bandit_2,0,51,7,0
789,90,bandit_2,1,52,7,0
790,91,bandit_2,1,53,7,0
791,92,bandit_2,1,54,7,0
792,93,bandit_2,1,55,7,0
793,94,bandit_2,1,56,7,0
794,95,bandit_2,1,57,7,0
795,96,bandit_2,1,58,7,0
796,97,bandit_2,1,59,7,0
797,98,bandit_2,1,60,7,0
798,99,bandit_2,1,61,7,0
799,100,bandit_2,1,62,7,0
800,1,bandit_1,1,1,8,1
801,2,bandit_1,1,2,8,1
802,3,bandit_1,1,3,8,1
803,4,bandit_1,0,3,8,1
804,5,bandit_1,1,4,8,1
805,6,bandit_1,1,5,8,1
806,7,bandit_1,1,6,8,1
807,8,bandit_1,1,7,8,1
808,9,bandit_1,1,8,8,1
809,10,bandit_1,0,8,8,1
810,11,bandit_1,1,9,8,1
811,12,bandit_1,1,10,8,1
812,13,bandit_1,1,11,8,1
813,14,bandit_1,1,12,8,1
814,15,bandit_1,1,13,8,1
815,16,bandit_1,1,14,8,1
816,17,bandit_1,1,15,8,1
817,18,bandit_1,1,16,8,1
818,19,bandit_1,1,17,8,1
819,20,bandit_1,1,18,8,1
820,21,bandit_1,1,19,8,1
821,22,bandit_1,1,20,8,1
822,23,bandit_1,1,21,8,1
823,24,bandit_1,1,22,8,1
824,25,bandit_1,1,23,8,1
825,26,bandit_1,1,24,8,1
826,27,bandit_1,1,25,8,1
827,28,bandit_1,1,26,8,1
828,29,bandit_1,1,27,8,1
829,30,bandit_1,1,28,8,1
830,31,bandit_1,1,29,8,1
831,32,bandit_1,1,30,8,1
832,33,bandit_1,1,31,8,1
833,34,bandit_1,1,32,8,1
834,35,bandit_1,1,33,8,1
835,36,bandit_1,1,34,8,1
836,37,bandit_1,1,35,8,1
837,38,bandit_1,1,36,8,1
838,39,bandit_1,1,37,8,1
839,40,bandit_1,1,38,8,1
840,41,bandit_1,1,39,8,1
841,42,bandit_1,1,40,8,1
842,43,bandit_1,1,41,8,1
843,44,bandit_1,1,42,8,1
844,45,bandit_1,1,43,8,1
845,46,bandit_1,1,44,8,1
846,47,bandit_1,1,45,8,1
847,48,bandit_1,1,46,8,1
848,49,bandit_1,1,47,8,1
849,50,bandit_1,1,48,8,1
850,51,bandit_1,1,49,8,1
851,52,bandit_1,1,50,8,1
852,53,bandit_1,0,50,8,1
853,54,bandit_1,0,50,8,1
854,55,bandit_1,0,50,8,1
855,56,bandit_1,0,50,8,1
856,57,bandit_1,0,50,8,1
857,58,bandit_1,0,50,8,1
858,59,bandit_1,0,50,8,1
859,60,bandit_1,1,51,8,1
860,61,bandit_1,0,51,8,1
861,62,bandit_1,0,51,8,1
862,63,bandit_1,1,52,8,1
863,64,bandit_1,0,52,8,1
864,65,bandit_1,0,52,8,1
865,66,bandit_1,0,52,8,1
866,67,bandit_1,0,52,8,1
867,68,bandit_1,0,52,8,1
868,69,bandit_1,0,52,8,1
869,70,bandit_1,1,53,8,1
870,71,bandit_1,0,53,8,1
871,72,bandit_1,0,53,8,1
872,73,bandit_1,0,53,8,1
873,74,bandit_1,0,53,8,1
874,75,bandit_1,0,53,8,1
875,76,bandit_1,1,54,8,1
876,77,bandit_1,0,54,8,1
877,78,bandit_1,0,54,8,1
878,79,bandit_1,0,54,8,1
879,80,bandit_1,0,54,8,1
880,81,bandit_1,0,54,8,1
881,82,bandit_1,0,54,8,1
882,83,bandit_1,0,54,8,1
883,84,bandit_1,0,54,8,1
884,85,bandit_1,1,55,8,1
885,86,bandit_1,0,55,8,1
886,87,bandit_1,0,55,8,1
887,88,bandit_1,1,56,8,1
888,89,bandit_1,1,57,8,1
889,90,bandit_1,1,58,8,1
890,91,bandit_1,0,58,8,1
891,92,bandit_1,0,58,8,1
892,93,bandit_1,0,58,8,1
893,94,bandit_1,0,58,8,1
894,95,bandit_1,0,58,8,1
895,96,bandit_1,0,58,8,1
896,97,bandit_1,0,58,8,1
897,98,bandit_1,0,58,8,1
898,99,bandit_1,0,58,8,1
899,100,bandit_1,1,59,8,1
900,1,bandit_2,1,1,9,0
901,2,bandit_2,0,1,9,0
902,3,bandit_2,0,1,9,0
903,4,bandit_2,1,2,9,0
904,5,bandit_2,1,3,9,0
905,6,bandit_2,0,3,9,0
906,7,bandit_2,1,4,9,0
907,8,bandit_2,0,4,9,0
908,9,bandit_2,0,4,9,0
909,10,bandit_2,1,5,9,0
910,11,bandit_2,1,6,9,0
911,12,bandit_2,1,7,9,0
912,13,bandit_2,0,7,9,0
913,14,bandit_2,0,7,9,0
914,15,bandit_2,1,8,9,0
915,16,bandit_2,0,8,9,0
916,17,bandit_2,0,8,9,0
917,18,bandit_2,0,8,9,0
918,19,bandit_2,0,8,9,0
919,20,bandit_2,0,8,9,0
920,21,bandit_2,0,8,9,0
921,22,bandit_2,0,8,9,0
922,23,bandit_2,0,8,9,0
923,24,bandit_2,0,8,9,0
924,25,bandit_2,0,8,9,0
925,26,bandit_2,1,9,9,0
926,27,bandit_2,0,9,9,0
927,28,bandit_2,0,9,9,0
928,29,bandit_2,0,9,9,0
929,30,bandit_2,0,9,9,0
930,31,bandit_2,0,9,9,0
931,32,bandit_2,0,9,9,0
932,33,bandit_2,0,9,9,0
933,34,bandit_2,1,10,9,0
934,35,bandit_2,0,10,9,0
935,36,bandit_2,0,10,9,0
936,37,bandit_2,0,10,9,0
937,38,bandit_2,0,10,9,0
938,39,bandit_2,0,10,9,0
939,40,bandit_2,0,10,9,0
940,41,bandit_2,0,10,9,0
941,42,bandit_2,0,10,9,0
942,43,bandit_2,1,11,9,0
943,44,bandit_2,0,11,9,0
944,45,bandit_2,1,12,9,0
945,46,bandit_2,0,12,9,0
946,47,bandit_2,0,12,9,0
947,48,bandit_2,0,12,9,0
948,49,bandit_2,0,12,9,0
949,50,bandit_2,1,13,9,0
950,51,bandit_2,1,14,9,0
951,52,bandit_2,1,15,9,0
952,53,bandit_2,1,16,9,0
953,54,bandit_2,1,17,9,0
954,55,bandit_2,1,18,9,0
955,56,bandit_2,1,19,9,0
956,57,bandit_2,1,20,9,0
957,58,bandit_2,1,21,9,0
958,59,bandit_2,1,22,9,0
959,60,bandit_2,1,23,9,0
960,61,bandit_2,1,24,9,0
961,62,bandit_2,1,25,9,0
962,63,bandit_2,1,26,9,0
963,64,bandit_2,1,27,9,0
964,65,bandit_2,1,28,9,0
965,66,bandit_2,1,29,9,0
966,67,bandit_2,1,30,9,0
967,68,bandit_2,1,31,9,0
968,69,bandit_2,1,32,9,0
969,70,bandit_2,1,33,9,0
970,71,bandit_2,1,34,9,0
971,72,bandit_2,1,35,9,0
972,73,bandit_2,1,36,9,0
973,74,bandit_2,1,37,9,0
974,75,bandit_2,1,38,9,0
975,76,bandit_2,1,39,9,0
976,77,bandit_2,1,40,9,0
977,78,bandit_2,1,41,9,0
978,79,bandit_2,1,42,9,0
979,80,bandit_2,1,43,9,0
980,81,bandit_2,1,44,9,0
981,82,bandit_2,1,45,9,0
982,83,bandit_2,1,46,9,0
983,84,bandit_2,1,47,9,0
984,85,bandit_2,1,48,9,0
985,86,bandit_2,1,49,9,0
986,87,bandit_2,1,50,9,0
987,88,bandit_2,1,51,9,0
988,89,bandit_2,0,51,9,0
989,90,bandit_2,1,52,9,0
990,91,bandit_2,1,53,9,0
991,92,bandit_2,1,54,9,0
992,93,bandit_2,1,55,9,0
993,94,bandit_2,1,56,9,0
994,95,bandit_2,1,57,9,0
995,96,bandit_2,1,58,9,0
996,97,bandit_2,1,59,9,0
997,98,bandit_2,1,60,9,0
998,99,bandit_2,1,61,9,0
999,100,bandit_2,1,62,9,0
1000,1,bandit_1,1,1,10,1
1001,2,bandit_1,1,2,10,1
1002,3,bandit_1,1,3,10,1
1003,4,bandit_1,0,3,10,1
1004,5,bandit_1,1,4,10,1
1005,6,bandit_1,1,5,10,1
1006,7,bandit_1,1,6,10,1
1007,8,bandit_1,1,7,10,1
1008,9,bandit_1,1,8,10,1
1009,10,bandit_1,0,8,10,1
1010,11,bandit_1,1,9,10,1
1011,12,bandit_1,1,10,10,1
1012,13,bandit_1,1,11,10,1
1013,14,bandit_1,1,12,10,1
1014,15,bandit_1,1,13,10,1
1015,16,bandit_1,1,14,10,1
1016,17,bandit_1,1,15,10,1
1017,18,bandit_1,1,16,10,1
1018,19,bandit_1,1,17,10,1
1019,20,bandit_1,1,18,10,1
1020,21,bandit_1,1,19,10,1
1021,22,bandit_1,1,20,10,1
1022,23,bandit_1,1,21,10,1
1023,24,bandit_1,1,22,10,1
1024,25,bandit_1,1,23,10,1
1025,26,bandit_1,1,24,10,1
1026,27,bandit_1,1,25,10,1
1027,28,bandit_1,1,26,10,1
1028,29,bandit_1,1,27,10,1
1029,30,bandit_1,1,28,10,1
1030,31,bandit_1,1,29,10,1
1031,32,bandit_1,1,30,10,1
1032,33,bandit_1,1,31,10,1
1033,34,bandit_1,1,32,10,1
1034,35,bandit_1,1,33,10,1
1035,36,bandit_1,1,34,10,1
1036,37,bandit_1,1,35,10,1
1037,38,bandit_1,1,36,10,1
1038,39,bandit_1,1,37,10,1
1039,40,bandit_1,1,38,10,1
1040,41,bandit_1,1,39,10,1
1041,42,bandit_1,1,40,10,1
1042,43,bandit_1,1,41,10,1
1043,44,bandit_1,1,42,10,1
1044,45,bandit_1,1,43,10,1
1045,46,bandit_1,1,44,10,1
1046,47,bandit_1,1,45,10,1
1047,48,bandit_1,1,46,10,1
1048,49,bandit_1,1,47,10,1
1049,50,bandit_1,1,48,10,1
1050,51,bandit_1,1,49,10,1
1051,52,bandit_1,1,50,10,1
1052,53,bandit_1,0,50,10,1
1053,54,bandit_1,0,50,10,1
1054,55,bandit_1,0,50,10,1
1055,56,bandit_1,0,50,10,1
1056,57,bandit_1,0,50,10,1
1057,58,bandit_1,0,50,10,1
1058,59,bandit_1,0,50,10,1
1059,60,bandit_1,1,51,10,1
1060,61,bandit_1,0,51,10,1
1061,62,bandit_1,0,51,10,1
1062,63,bandit_1,1,52,10,1
1063,64,bandit_1,0,52,10,1
1064,65,bandit_1,0,52,10,1
1065,66,bandit_1,0,52,10,1
1066,67,bandit_1,0,52,10,1
1067,68,bandit_1,0,52,10,1
1068,69,bandit_1,0,52,10,1
1069,70,bandit_1,1,53,10,1
1070,71,bandit_1,0,53,10,1
1071,72,bandit_1,0,53,10,1
1072,73,bandit_1,0,53,10,1
1073,74,bandit_1,0,53,10,1
1074,75,bandit_1,0,53,10,1
1075,76,bandit_1,1,54,10,1
1076,77,bandit_1,0,54,10,1
1077,78,bandit_1,0,54,10,1
1078,79,bandit_1,0,54,10,1
1079,80,bandit_1,0,54,10,1
1080,81,bandit_1,0,54,10,1
1081,82,bandit_1,0,54,10,1
1082,83,bandit_1,0,54,10,1
1083,84,bandit_1,0,54,10,1
1084,85,bandit_1,1,55,10,1
1085,86,bandit_1,0,55,10,1
1086,87,bandit_1,0,55,10,1
1087,88,bandit_1,1,56,10,1
1088,89,bandit_1,1,57,10,1
1089,90,bandit_1,1,58,10,1
1090,91,bandit_1,0,58,10,1
1091,92,bandit_1,0,58,10,1
1092,93,bandit_1,0,58,10,1
1093,94,bandit_1,0,58,10,1
1094,95,bandit_1,0,58,10,1
1095,96,bandit_1,0,58,10,1
1096,97,bandit_1,0,58,10,1
1097,98,bandit_1,0,58,10,1
1098,99,bandit_1,0,58,10,1
1099,100,bandit_1,1,59,10,1
1100,1,bandit_2,1,1,11,0
1101,2,bandit_2,0,1,11,0
1102,3,bandit_2,0,1,11,0
1103,4,bandit_2,1,2,11,0
1104,5,bandit_2,1,3,11,0
1105,6,bandit_2,0,3,11,0
1106,7,bandit_2,1,4,11,0
1107,8,bandit_2,0,4,11,0
1108,9,bandit_2,0,4,11,0
1109,10,bandit_2,1,5,11,0
1110,11,bandit_2,1,6,11,0
1111,12,bandit_2,1,7,11,0
1112,13,bandit_2,0,7,11,0
1113,14,bandit_2,0,7,11,0
1114,15,bandit_2,1,8,11,0
1115,16,bandit_2,0,8,11,0
1116,17,bandit_2,0,8,11,0
1117,18,bandit_2,0,8,11,0
1118,19,bandit_2,0,8,11,0
1119,20,bandit_2,0,8,11,0
1120,21,bandit_2,0,8,11,0
1121,22,bandit_2,0,8,11,0
1122,23,bandit_2,0,8,11,0
1123,24,bandit_2,0,8,11,0
1124,25,bandit_2,0,8,11,0
1125,26,bandit_2,1,9,11,0
1126,27,bandit_2,0,9,11,0
1127,28,bandit_2,0,9,11,0
1128,29,bandit_2,0,9,11,0
1129,30,bandit_2,0,9,11,0
1130,31,bandit_2,0,9,11,0
1131,32,bandit_2,0,9,11,0
1132,33,bandit_2,0,9,11,0
1133,34,bandit_2,1,10,11,0
1134,35,bandit_2,0,10,11,0
1135,36,bandit_2,0,10,11,0
1136,37,bandit_2,0,10,11,0
1137,38,bandit_2,0,10,11,0
1138,39,bandit_2,0,10,11,0
1139,40,bandit_2,0,10,11,0
1140,41,bandit_2,0,10,11,0
1141,42,bandit_2,0,10,11,0
1142,43,bandit_2,1,11,11,0
1143,44,bandit_2,0,11,11,0
1144,45,bandit_2,1,12,11,0
1145,46,bandit_2,0,12,11,0
1146,47,bandit_2,0,12,11,0
1147,48,bandit_2,0,12,11,0
1148,49,bandit_2,0,12,11,0
1149,50,bandit_2,1,13,11,0
1150,51,bandit_2,1,14,11,0
1151,52,bandit_2,1,15,11,0
1152,53,bandit_2,1,16,11,0
1153,54,bandit_2,1,17,11,0
1154,55,bandit_2,1,18,11,0
1155,56,bandit_2,1,19,11,0
1156,57,bandit_2,1,20,11,0
1157,58,bandit_2,1,21,11,0
1158,59,bandit_2,1,22,11,0
1159,60,bandit_2,1,23,11,0
1160,61,bandit_2,1,24,11,0
1161,62,bandit_2,1,25,11,0
1162,63,bandit_2,1,26,11,0
1163,64,bandit_2,1,27,11,0
1164,65,bandit_2,1,28,11,0
1165,66,bandit_2,1,29,11,0
1166,67,bandit_2,1,30,11,0
1167,68,bandit_2,1,31,11,0
1168,69,bandit_2,1,32,11,0
1169,70,bandit_2,1,33,11,0
1170,71,bandit_2,1,34,11,0
1171,72,bandit_2,1,35,11,0
1172,73,bandit_2,1,36,11,0
1173,74,bandit_2,1,37,11,0
1174,75,bandit_2,1,38,11,0
1175,76,bandit_2,1,39,11,0
1176,77,bandit_2,1,40,11,0
1177,78,bandit_2,1,41,11,0
1178,79,bandit_2,1,42,11,0
1179,80,bandit_2,1,43,11,0
1180,81,bandit_2,1,44,11,0
1181,82,bandit_2,1,45,11,0
1182,83,bandit_2,1,46,11,0
1183,84,bandit_2,1,47,11,0
1184,85,bandit_2,1,48,11,0
1185,86,bandit_2,1,49,11,0
1186,87,bandit_2,1,50,11,0
1187,88,bandit_2,1,51,11,0
1188,89,bandit_2,0,51,11,0
1189,90,bandit_2,1,52,11,0
1190,91,bandit_2,1,53,11,0
1191,92,bandit_2,1,54,11,0
1192,93,bandit_2,1,55,11,0
1193,94,bandit_2,1,56,11,0
1194,95,bandit_2,1,57,11,0
1195,96,bandit_2,1,58,11,0
1196,97,bandit_2,1,59,11,0
1197,98,bandit_2,1,60,11,0
1198,99,bandit_2,1,61,11,0
1199,100,bandit_2,1,62,11,0
1200,1,bandit_2,1,1,12,0
1201,2,bandit_2,0,1,12,0
1202,3,bandit_2,0,1,12,0
1203,4,bandit_2,1,2,12,0
1204,5,bandit_2,1,3,12,0
1205,6,bandit_2,0,3,12,0
1206,7,bandit_2,1,4,12,0
1207,8,bandit_2,0,4,12,0
1208,9,bandit_2,0,4,12,0
1209,10,bandit_2,1,5,12,0
1210,11,bandit_2,1,6,12,0
1211,12,bandit_2,1,7,12,0
1212,13,bandit_2,0,7,12,0
1213,14,bandit_2,0,7,12,0
1214,15,bandit_2,1,8,12,0
1215,16,bandit_2,0,8,12,0
1216,17,bandit_2,0,8,12,0
1217,18,bandit_2,0,8,12,0
1218,19,bandit_2,0,8,12,0
1219,20,bandit_2,0,8,12,0
1220,21,bandit_2,0,8,12,0
1221,22,bandit_2,0,8,12,0
1222,23,bandit_2,0,8,12,0
1223,24,bandit_2,0,8,12,0
1224,25,bandit_2,0,8,12,0
1225,26,bandit_2,1,9,12,0
1226,27,bandit_2,0,9,12,0
1227,28,bandit_2,0,9,12,0
1228,29,bandit_2,0,9,12,0
1229,30,bandit_2,0,9,12,0
1230,31,bandit_2,0,9,12,0
1231,32,bandit_2,0,9,12,0
1232,33,bandit_2,0,9,12,0
1233,34,bandit_2,1,10,12,0
1234,35,bandit_2,0,10,12,0
1235,36,bandit_2,0,10,12,0
1236,37,bandit_2,0,10,12,0
1237,38,bandit_2,0,10,12,0
1238,39,bandit_2,0,10,12,0
1239,40,bandit_2,0,10,12,0
1240,41,bandit_2,0,10,12,0
1241,42,bandit_2,0,10,12,0
1242,43,bandit_2,1,11,12,0
1243,44,bandit_2,0,11,12,0
1244,45,bandit_2,1,12,12,0
1245,46,bandit_2,0,12,12,0
1246,47,bandit_2,0,12,12,0
1247,48,bandit_2,0,12,12,0
1248,49,bandit_2,0,12,12,0
1249,50,bandit_2,1,13,12,0
1250,51,bandit_2,1,14,12,0
1251,52,bandit_2,1,15,12,0
1252,53,bandit_2,1,16,12,0
1253,54,bandit_2,1,17,12,0
1254,55,bandit_2,1,18,12,0
1255,56,bandit_2,1,19,12,0
1256,57,bandit_2,1,20,12,0
1257,58,bandit_2,1,21,12,0
1258,59,bandit_2,1,22,12,0
1259,60,bandit_2,1,23,12,0
1260,61,bandit_2,1,24,12,0
1261,62,bandit_2,1,25,12,0
1262,63,bandit_2,1,26,12,0
1263,64,bandit_2,1,27,12,0
1264,65,bandit_2,1,28,12,0
1265,66,bandit_2,1,29,12,0
1266,67,bandit_2,1,30,12,0
1267,68,bandit_2,1,31,12,0
1268,69,bandit_2,1,32,12,0
1269,70,bandit_2,1,33,12,0
1270,71,bandit_2,1,34,12,0
1271,72,bandit_2,1,35,12,0
1272,73,bandit_2,1,36,12,0
1273,74,bandit_2,1,37,12,0
1274,75,bandit_2,1,38,12,0
1275,76,bandit_2,1,39,12,0
1276,77,bandit_2,1,40,12,0
1277,78,bandit_2,1,41,12,0
1278,79,bandit_2,1,42,12,0
1279,80,bandit_2,1,43,12,0
1280,81,bandit_2,1,44,12,0
1281,82,bandit_2,1,45,12,0
1282,83,bandit_2,1,46,12,0
1283,84,bandit_2,1,47,12,0
1284,85,bandit_2,1,48,12,0
1285,86,bandit_2,1,49,12,0
1286,87,bandit_2,1,50,12,0
1287,88,bandit_2,1,51,12,0
1288,89,bandit_2,0,51,12,0
1289,90,bandit_2,1,52,12,0
1290,91,bandit_2,1,53,12,0
1291,92,bandit_2,1,54,12,0
1292,93,bandit_2,1,55,12,0
1293,94,bandit_2,1,56,12,0
1294,95,bandit_2,1,57,12,0
1295,96,bandit_2,1,58,12,0
1296,97,bandit_2,1,59,12,0
1297,98,bandit_2,1,60,12,0
1298,99,bandit_2,1,61,12,0
1299,100,bandit_2,1,62,12,0
1300,1,bandit_2,1,1,13,0
1301,2,bandit_2,0,1,13,0
1302,3,bandit_2,0,1,13,0
1303,4,bandit_2,1,2,13,0
1304,5,bandit_2,1,3,13,0
1305,6,bandit_2,0,3,13,0
1306,7,bandit_2,1,4,13,0
1307,8,bandit_2,0,4,13,0
1308,9,bandit_2,0,4,13,0
1309,10,bandit_2,1,5,13,0
1310,11,bandit_2,1,6,13,0
1311,12,bandit_2,1,7,13,0
1312,13,bandit_2,0,7,13,0
1313,14,bandit_2,0,7,13,0
1314,15,bandit_2,1,8,13,0
1315,16,bandit_2,0,8,13,0
1316,17,bandit_2,0,8,13,0
1317,18,bandit_2,0,8,13,0
1318,19,bandit_2,0,8,13,0
1319,20,bandit_2,0,8,13,0
1320,21,bandit_2,0,8,13,0
1321,22,bandit_2,0,8,13,0
1322,23,bandit_2,0,8,13,0
1323,24,bandit_2,0,8,13,0
1324,25,bandit_2,0,8,13,0
1325,26,bandit_2,1,9,13,0
1326,27,bandit_2,0,9,13,0
1327,28,bandit_2,0,9,13,0
1328,29,bandit_2,0,9,13,0
1329,30,bandit_2,0,9,13,0
1330,31,bandit_2,0,9,13,0
1331,32,bandit_2,0,9,13,0
1332,33,bandit_2,0,9,13,0
1333,34,bandit_2,1,10,13,0
1334,35,bandit_2,0,10,13,0
1335,36,bandit_2,0,10,13,0
1336,37,bandit_2,0,10,13,0
1337,38,bandit_2,0,10,13,0
1338,39,bandit_2,0,10,13,0
1339,40,bandit_2,0,10,13,0
1340,41,bandit_2,0,10,13,0
1341,42,bandit_2,0,10,13,0
1342,43,bandit_2,1,11,13,0
1343,44,bandit_2,0,11,13,0
1344,45,bandit_2,1,12,13,0
1345,46,bandit_2,0,12,13,0
1346,47,bandit_2,0,12,13,0
1347,48,bandit_2,0,12,13,0
1348,49,bandit_2,0,12,13,0
1349,50,bandit_2,1,13,13,0
1350,51,bandit_2,1,14,13,0
1351,52,bandit_2,1,15,13,0
1352,53,bandit_2,1,16,13,0
1353,54,bandit_2,1,17,13,0
1354,55,bandit_2,1,18,13,0
1355,56,bandit_2,1,19,13,0
1356,57,bandit_2,1,20,13,0
1357,58,bandit_2,1,21,13,0
1358,59,bandit_2,1,22,13,0
1359,60,bandit_2,1,23,13,0
1360,61,bandit_2,1,24,13,0
1361,62,bandit_2,1,25,13,0
1362,63,bandit_2,1,26,13,0
1363,64,bandit_2,1,27,13,0
1364,65,bandit_2,1,28,13,0
1365,66,bandit_2,1,29,13,0
1366,67,bandit_2,1,30,13,0
1367,68,bandit_2,1,31,13,0
1368,69,bandit_2,1,32,13,0
1369,70,bandit_2,1,33,13,0
1370,71,bandit_2,1,34,13,0
1371,72,bandit_2,1,35,13,0
1372,73,bandit_2,1,36,13,0
1373,74,bandit_2,1,37,13,0
1374,75,bandit_2,1,38,13,0
1375,76,bandit_2,1,39,13,0
1376,77,bandit_2,1,40,13,0
1377,78,bandit_2,1,41,13,0
1378,79,bandit_2,1,42,13,0
1379,80,bandit_2,1,43,13,0
1380,81,bandit_2,1,44,13,0
1381,82,bandit_2,1,45,13,0
1382,83,bandit_2,1,46,13,0
1383,84,bandit_2,1,47,13,0
1384,85,bandit_2,1,48,13,0
1385,86,bandit_2,1,49,13,0
1386,87,bandit_2,1,50,13,0
1387,88,bandit_2,1,51,13,0
1388,89,bandit_2,0,51,13,0
1389,90,bandit_2,1,52,13,0
1390,91,bandit_2,1,53,13,0
1391,92,bandit_2,1,54,13,0
1392,93,bandit_2,1,55,13,0
1393,94,bandit_2,1,56,13,0
1394,95,bandit_2,1,57,13,0
1395,96,bandit_2,1,58,13,0
1396,97,bandit_2,1,59,13,0
1397,98,bandit_2,1,60,13,0
1398,99,bandit_2,1,61,13,0
1399,100,bandit_2,1,62,13,0
1400,1,bandit_1,1,1,14,1
1401,2,bandit_1,1,2,14,1
1402,3,bandit_1,1,3,14,1
1403,4,bandit_1,0,3,14,1
1404,5,bandit_1,1,4,14,1
1405,6,bandit_1,1,5,14,1
1406,7,bandit_1,1,6,14,1
1407,8,bandit_1,1,7,14,1
1408,9,bandit_1,1,8,14,1
1409,10,bandit_1,0,8,14,1
1410,11,bandit_1,1,9,14,1
1411,12,bandit_1,1,10,14,1
1412,13,bandit_1,1,11,14,1
1413,14,bandit_1,1,12,14,1
1414,15,bandit_1,1,13,14,1
1415,16,bandit_1,1,14,14,1
1416,17,bandit_1,1,15,14,1
1417,18,bandit_1,1,16,14,1
1418,19,bandit_1,1,17,14,1
1419,20,bandit_1,1,18,14,1
1420,21,bandit_1,1,19,14,1
1421,22,bandit_1,1,20,14,1
1422,23,bandit_1,1,21,14,1
1423,24,bandit_1,1,22,14,1
1424,25,bandit_1,1,23,14,1
1425,26,bandit_1,1,24,14,1
1426,27,bandit_1,1,25,14,1
1427,28,bandit_1,1,26,14,1
1428,29,bandit_1,1,27,14,1
1429,30,bandit_1,1,28,14,1
1430,31,bandit_1,1,29,14,1
1431,32,bandit_1,1,30,14,1
1432,33,bandit_1,1,31,14,1
1433,34,bandit_1,1,32,14,1
1434,35,bandit_1,1,33,14,1
1435,36,bandit_1,1,34,14,1
1436,37,bandit_1,1,35,14,1
1437,38,bandit_1,1,36,14,1
1438,39,bandit_1,1,37,14,1
1439,40,bandit_1,1,38,14,1
1440,41,bandit_1,1,39,14,1
1441,42,bandit_1,1,40,14,1
1442,43,bandit_1,1,41,14,1
1443,44,bandit_1,1,42,14,1
1444,45,bandit_1,1,43,14,1
1445,46,bandit_1,1,44,14,1
1446,47,bandit_1,1,45,14,1
1447,48,bandit_1,1,46,14,1
1448,49,bandit_1,1,47,14,1
1449,50,bandit_1,1,48,14,1
1450,51,bandit_1,1,49,14,1
1451,52,bandit_1,1,50,14,1
1452,53,bandit_1,0,50,14,1
1453,54,bandit_1,0,50,14,1
1454,55,bandit_1,0,50,14,1
1455,56,bandit_1,0,50,14,1
1456,57,bandit_1,0,50,14,1
1457,58,bandit_1,0,50,14,1
1458,59,bandit_1,0,50,14,1
1459,60,bandit_1,1,51,14,1
1460,61,bandit_1,0,51,14,1
1461,62,bandit_1,0,51,14,1
1462,63,bandit_1,1,52,14,1
1463,64,bandit_1,0,52,14,1
1464,65,bandit_1,0,52,14,1
1465,66,bandit_1,0,52,14,1
1466,67,bandit_1,0,52,14,1
1467,68,bandit_1,0,52,14,1
1468,69,bandit_1,0,52,14,1
1469,70,bandit_1,1,53,14,1
1470,71,bandit_1,0,53,14,1
1471,72,bandit_1,0,53,14,1
1472,73,bandit_1,0,53,14,1
1473,74,bandit_1,0,53,14,1
1474,75,bandit_1,0,53,14,1
1475,76,bandit_1,1,54,14,1
1476,77,bandit_1,0,54,14,1
1477,78,bandit_1,0,54,14,1
1478,79,bandit_1,0,54,14,1
1479,80,bandit_1,0,54,14,1
1480,81,bandit_1,0,54,14,1
1481,82,bandit_1,0,54,14,1
1482,83,bandit_1,0,54,14,1
1483,84,bandit_1,0,54,14,1
1484,85,bandit_1,1,55,14,1
1485,86,bandit_1,0,55,14,1
1486,87,bandit_1,0,55,14,1
1487,88,bandit_1,1,56,14,1
1488,89,bandit_1,1,57,14,1
1489,90,bandit_1,1,58,14,1
1490,91,bandit_1,0,58,14,1
1491,92,bandit_1,0,58,14,1
1492,93,bandit_1,0,58,14,1
1493,94,bandit_1,0,58,14,1
1494,95,bandit_1,0,58,14,1
1495,96,bandit_1,0,58,14,1
1496,97,bandit_1,0,58,14,1
1497,98,bandit_1,0,58,14,1
1498,99,bandit_1,0,58,14,1
1499,100,bandit_1,1,59,14,1
1500,1,bandit_1,1,1,15,1
1501,2,bandit_1,1,2,15,1
1502,3,bandit_1,1,3,15,1
1503,4,bandit_1,0,3,15,1
1504,5,bandit_1,1,4,15,1
1505,6,bandit_1,1,5,15,1
1506,7,bandit_1,1,6,15,1
1507,8,bandit_1,1,7,15,1
1508,9,bandit_1,1,8,15,1
1509,10,bandit_1,0,8,15,1
1510,11,bandit_1,1,9,15,1
1511,12,bandit_1,1,10,15,1
1512,13,bandit_1,1,11,15,1
1513,14,bandit_1,1,12,15,1
1514,15,bandit_1,1,13,15,1
1515,16,bandit_1,1,14,15,1
1516,17,bandit_1,1,15,15,1
1517,18,bandit_1,1,16,15,1
1518,19,bandit_1,1,17,15,1
1519,20,bandit_1,1,18,15,1
1520,21,bandit_1,1,19,15,1
1521,22,bandit_1,1,20,15,1
1522,23,bandit_1,1,21,15,1
1523,24,bandit_1,1,22,15,1
1524,25,bandit_1,1,23,15,1
1525,26,bandit_1,1,24,15,1
1526,27,bandit_1,1,25,15,1
1527,28,bandit_1,1,26,15,1
1528,29,bandit_1,1,27,15,1
1529,30,bandit_1,1,28,15,1
1530,31,bandit_1,1,29,15,1
1531,32,bandit_1,1,30,15,1
1532,33,bandit_1,1,31,15,1
1533,34,bandit_1,1,32,15,1
1534,35,bandit_1,1,33,15,1
1535,36,bandit_1,1,34,15,1
1536,37,bandit_1,1,35,15,1
1537,38,bandit_1,1,36,15,1
1538,39,bandit_1,1,37,15,1
1539,40,bandit_1,1,38,15,1
1540,41,bandit_1,1,39,15,1
1541,42,bandit_1,1,40,15,1
1542,43,bandit_1,1,41,15,1
1543,44,bandit_1,1,42,15,1
1544,45,bandit_1,1,43,15,1
1545,46,bandit_1,1,44,15,1
1546,47,bandit_1,1,45,15,1
1547,48,bandit_1,1,46,15,1
1548,49,bandit_1,1,47,15,1
1549,50,bandit_1,1,48,15,1
1550,51,bandit_1,1,49,15,1
1551,52,bandit_1,1,50,15,1
1552,53,bandit_1,0,50,15,1
1553,54,bandit_1,0,50,15,1
1554,55,bandit_1,0,50,15,1
1555,56,bandit_1,0,50,15,1
1556,57,bandit_1,0,50,15,1
1557,58,bandit_1,0,50,15,1
1558,59,bandit_1,0,50,15,1
1559,60,bandit_1,1,51,15,1
1560,61,bandit_1,0,51,15,1
1561,62,bandit_1,0,51,15,1
1562,63,bandit_1,1,52,15,1
1563,64,bandit_1,0,52,15,1
1564,65,bandit_1,0,52,15,1
1565,66,bandit_1,0,52,15,1
1566,67,bandit_1,0,52,15,1
1567,68,bandit_1,0,52,15,1
1568,69,bandit_1,0,52,15,1
1569,70,bandit_1,1,53,15,1
1570,71,bandit_1,0,53,15,1
1571,72,bandit_1,0,53,15,1
1572,73,bandit_1,0,53,15,1
1573,74,bandit_1,0,53,15,1
1574,75,bandit_1,0,53,15,1
1575,76,bandit_1,1,54,15,1
1576,77,bandit_1,0,54,15,1
1577,78,bandit_1,0,54,15,1
1578,79,bandit_1,0,54,15,1
1579,80,bandit_1,0,54,15,1
1580,81,bandit_1,0,54,15,1
1581,82,bandit_1,0,54,15,1
1582,83,bandit_1,0,54,15,1
1583,84,bandit_1,0,54,15,1
1584,85,bandit_1,1,55,15,1
1585,86,bandit_1,0,55,15,1
1586,87,bandit_1,0,55,15,1
1587,88,bandit_1,1,56,15,1
1588,89,bandit_1,1,57,15,1
1589,90,bandit_1,1,58,15,1
1590,91,bandit_1,0,58,15,1
1591,92,bandit_1,0,58,15,1
1592,93,bandit_1,0,58,15,1
1593,94,bandit_1,0,58,15,1
1594,95,bandit_1,0,58,15,1
1595,96,bandit_1,0,58,15,1
1596,97,bandit_1,0,58,15,1
1597,98,bandit_1,0,58,15,1
1598,99,bandit_1,0,58,15,1
1599,100,bandit_1,1,59,15,1
1600,1,bandit_2,1,1,16,0
1601,2,bandit_2,0,1,16,0
1602,3,bandit_2,0,1,16,0
1603,4,bandit_2,1,2,16,0
1604,5,bandit_2,1,3,16,0
1605,6,bandit_2,0,3,16,0
1606,7,bandit_2,1,4,16,0
1607,8,bandit_2,0,4,16,0
1608,9,bandit_2,0,4,16,0
1609,10,bandit_2,1,5,16,0
1610,11,bandit_2,1,6,16,0
1611,12,bandit_2,1,7,16,0
1612,13,bandit_2,0,7,16,0
1613,14,bandit_2,0,7,16,0
1614,15,bandit_2,1,8,16,0
1615,16,bandit_2,0,8,16,0
1616,17,bandit_2,0,8,16,0
1617,18,bandit_2,0,8,16,0
1618,19,bandit_2,0,8,16,0
1619,20,bandit_2,0,8,16,0
1620,21,bandit_2,0,8,16,0
1621,22,bandit_2,0,8,16,0
1622,23,bandit_2,0,8,16,0
1623,24,bandit_2,0,8,16,0
1624,25,bandit_2,0,8,16,0
1625,26,bandit_2,1,9,16,0
1626,27,bandit_2,0,9,16,0
1627,28,bandit_2,0,9,16,0
1628,29,bandit_2,0,9,16,0
1629,30,bandit_2,0,9,16,0
1630,31,bandit_2,0,9,16,0
1631,32,bandit_2,0,9,16,0
1632,33,bandit_2,0,9,16,0
1633,34,bandit_2,1,10,16,0
1634,35,bandit_2,0,10,16,0
1635,36,bandit_2,0,10,16,0
1636,37,bandit_2,0,10,16,0
1637,38,bandit_2,0,10,16,0
1638,39,bandit_2,0,10,16,0
1639,40,bandit_2,0,10,16,0
1640,41,bandit_2,0,10,16,0
1641,42,bandit_2,0,10,16,0
1642,43,bandit_2,1,11,16,0
1643,44,bandit_2,0,11,16,0
1644,45,bandit_2,1,12,16,0
1645,46,bandit_2,0,12,16,0
1646,47,bandit_2,0,12,16,0
1647,48,bandit_2,0,12,16,0
1648,49,bandit_2,0,12,16,0
1649,50,bandit_2,1,13,16,0
1650,51,bandit_2,1,14,16,0
1651,52,bandit_2,1,15,16,0
1652,53,bandit_2,1,16,16,0
1653,54,bandit_2,1,17,16,0
1654,55,bandit_2,1,18,16,0
1655,56,bandit_2,1,19,16,0
1656,57,bandit_2,1,20,16,0
1657,58,bandit_2,1,21,16,0
1658,59,bandit_2,1,22,16,0
1659,60,bandit_2,1,23,16,0
1660,61,bandit_2,1,24,16,0
1661,62,bandit_2,1,25,16,0
1662,63,bandit_2,1,26,16,0
1663,64,bandit_2,1,27,16,0
1664,65,bandit_2,1,28,16,0
1665,66,bandit_2,1,29,16,0
1666,67,bandit_2,1,30,16,0
1667,68,bandit_2,1,31,16,0
1668,69,bandit_2,1,32,16,0
1669,70,bandit_2,1,33,16,0
1670,71,bandit_2,1,34,16,0
1671,72,bandit_2,1,35,16,0
1672,73,bandit_2,1,36,16,0
1673,74,bandit_2,1,37,16,0
1674,75,bandit_2,1,38,16,0
1675,76,bandit_2,1,39,16,0
1676,77,bandit_2,1,40,16,0
1677,78,bandit_2,1,41,16,0
1678,79,bandit_2,1,42,16,0
1679,80,bandit_2,1,43,16,0
1680,81,bandit_2,1,44,16,0
1681,82,bandit_2,1,45,16,0
1682,83,bandit_2,1,46,16,0
1683,84,bandit_2,1,47,16,0
1684,85,bandit_2,1,48,16,0
1685,86,bandit_2,1,49,16,0
1686,87,bandit_2,1,50,16,0
1687,88,bandit_2,1,51,16,0
1688,89,bandit_2,0,51,16,0
1689,90,bandit_2,1,52,16,0
1690,91,bandit_2,1,53,16,0
1691,92,bandit_2,1,54,16,0
1692,93,bandit_2,1,55,16,0
1693,94,bandit_2,1,56,16,0
1694,95,bandit_2,1,57,16,0
1695,96,bandit_2,1,58,16,0
1696,97,bandit_2,1,59,16,0
1697,98,bandit_2,1,60,16,0
1698,99,bandit_2,1,61,16,0
1699,100,bandit_2,1,62,16,0
1700,1,bandit_2,1,1,17,0
1701,2,bandit_2,0,1,17,0
1702,3,bandit_2,0,1,17,0
1703,4,bandit_2,1,2,17,0
1704,5,bandit_2,1,3,17,0
1705,6,bandit_2,0,3,17,0
1706,7,bandit_2,1,4,17,0
1707,8,bandit_2,0,4,17,0
1708,9,bandit_2,0,4,17,0
1709,10,bandit_2,1,5,17,0
1710,11,bandit_2,1,6,17,0
1711,12,bandit_2,1,7,17,0
1712,13,bandit_2,0,7,17,0
1713,14,bandit_2,0,7,17,0
1714,15,bandit_2,1,8,17,0
1715,16,bandit_2,0,8,17,0
1716,17,bandit_2,0,8,17,0
1717,18,bandit_2,0,8,17,0
1718,19,bandit_2,0,8,17,0
1719,20,bandit_2,0,8,17,0
1720,21,bandit_2,0,8,17,0
1721,22,bandit_2,0,8,17,0
1722,23,bandit_2,0,8,17,0
1723,24,bandit_2,0,8,17,0
1724,25,bandit_2,0,8,17,0
1725,26,bandit_2,1,9,17,0
1726,27,bandit_2,0,9,17,0
1727,28,bandit_2,0,9,17,0
1728,29,bandit_2,0,9,17,0
1729,30,bandit_2,0,9,17,0
1730,31,bandit_2,0,9,17,0
1731,32,bandit_2,0,9,17,0
1732,33,bandit_2,0,9,17,0
1733,34,bandit_2,1,10,17,0
1734,35,bandit_2,0,10,17,0
1735,36,bandit_2,0,10,17,0
1736,37,bandit_2,0,10,17,0
1737,38,bandit_2,0,10,17,0
1738,39,bandit_2,0,10,17,0
1739,40,bandit_2,0,10,17,0
1740,41,bandit_2,0,10,17,0
1741,42,bandit_2,0,10,17,0
1742,43,bandit_2,1,11,17,0
1743,44,bandit_2,0,11,17,0
1744,45,bandit_2,1,12,17,0
1745,46,bandit_2,0,12,17,0
1746,47,bandit_2,0,12,17,0
1747,48,bandit_2,0,12,17,0
1748,49,bandit_2,0,12,17,0
1749,50,bandit_2,1,13,17,0
1750,51,bandit_2,1,14,17,0
1751,52,bandit_2,1,15,17,0
1752,53,bandit_2,1,16,17,0
1753,54,bandit_2,1,17,17,0
1754,55,bandit_2,1,18,17,0
1755,56,bandit_2,1,19,17,0
1756,57,bandit_2,1,20,17,0
1757,58,bandit_2,1,21,17,0
1758,59,bandit_2,1,22,17,0
1759,60,bandit_2,1,23,17,0
1760,61,bandit_2,1,24,17,0
1761,62,bandit_2,1,25,17,0
1762,63,bandit_2,1,26,17,0
1763,64,bandit_2,1,27,17,0
1764,65,bandit_2,1,28,17,0
1765,66,bandit_2,1,29,17,0
1766,67,bandit_2,1,30,17,0
1767,68,bandit_2,1,31,17,0
1768,69,bandit_2,1,32,17,0
1769,70,bandit_2,1,33,17,0
1770,71,bandit_2,1,34,17,0
1771,72,bandit_2,1,35,17,0
1772,73,bandit_2,1,36,17,0
1773,74,bandit_2,1,37,17,0
1774,75,bandit_2,1,38,17,0
1775,76,bandit_2,1,39,17,0
1776,77,bandit_2,1,40,17,0
1777,78,bandit_2,1,41,17,0
1778,79,bandit_2,1,42,17,0
1779,80,bandit_2,1,43,17,0
1780,81,bandit_2,1,44,17,0
1781,82,bandit_2,1,45,17,0
1782,83,bandit_2,1,46,17,0
1783,84,bandit_2,1,47,17,0
1784,85,bandit_2,1,48,17,0
1785,86,bandit_2,1,49,17,0
1786,87,bandit_2,1,50,17,0
1787,88,bandit_2,1,51,17,0
1788,89,bandit_2,0,51,17,0
1789,90,bandit_2,1,52,17,0
1790,91,bandit_2,1,53,17,0
1791,92,bandit_2,1,54,17,0
1792,93,bandit_2,1,55,17,0
1793,94,bandit_2,1,56,17,0
1794,95,bandit_2,1,57,17,0
1795,96,bandit_2,1,58,17,0
1796,97,bandit_2,1,59,17,0
1797,98,bandit_2,1,60,17,0
1798,99,bandit_2,1,61,17,0
1799,100,bandit_2,1,62,17,0
1800,1,bandit_1,1,1,18,1
1801,2,bandit_1,1,2,18,1
1802,3,bandit_1,1,3,18,1
1803,4,bandit_1,0,3,18,1
1804,5,bandit_1,1,4,18,1
1805,6,bandit_1,1,5,18,1
1806,7,bandit_1,1,6,18,1
1807,8,bandit_1,1,7,18,1
1808,9,bandit_1,1,8,18,1
1809,10,bandit_1,0,8,18,1
1810,11,bandit_1,1,9,18,1
1811,12,bandit_1,1,10,18,1
1812,13,bandit_1,1,11,18,1
1813,14,bandit_1,1,12,18,1
1814,15,bandit_1,1,13,18,1
1815,16,bandit_1,1,14,18,1
1816,17,bandit_1,1,15,18,1
1817,18,bandit_1,1,16,18,1
1818,19,bandit_1,1,17,18,1
1819,20,bandit_1,1,18,18,1
1820,21,bandit_1,1,19,18,1
1821,22,bandit_1,1,20,18,1
1822,23,bandit_1,1,21,18,1
1823,24,bandit_1,1,22,18,1
1824,25,bandit_1,1,23,18,1
1825,26,bandit_1,1,24,18,1
1826,27,bandit_1,1,25,18,1
1827,28,bandit_1,1,26,18,1
1828,29,bandit_1,1,27,18,1
1829,30,bandit_1,1,28,18,1
1830,31,bandit_1,1,29,18,1
1831,32,bandit_1,1,30,18,1
1832,33,bandit_1,1,31,18,1
1833,34,bandit_1,1,32,18,1
1834,35,bandit_1,1,33,18,1
1835,36,bandit_1,1,34,18,1
1836,37,bandit_1,1,35,18,1
1837,38,bandit_1,1,36,18,1
1838,39,bandit_1,1,37,18,1
1839,40,bandit_1,1,38,18,1
1840,41,bandit_1,1,39,18,1
1841,42,bandit_1,1,40,18,1
1842,43,bandit_1,1,41,18,1
1843,44,bandit_1,1,42,18,1
1844,45,bandit_1,1,43,18,1
1845,46,bandit_1,1,44,18,1
1846,47,bandit_1,1,45,18,1
1847,48,bandit_1,1,46,18,1
1848,49,bandit_1,1,47,18,1
1849,50,bandit_1,1,48,18,1
1850,51,bandit_1,1,49,18,1
1851,52,bandit_1,1,50,18,1
1852,53,bandit_1,0,50,18,1
1853,54,bandit_1,0,50,18,1
1854,55,bandit_1,0,50,18,1
1855,56,bandit_1,0,50,18,1
1856,57,bandit_1,0,50,18,1
1857,58,bandit_1,0,50,18,1
1858,59,bandit_1,0,50,18,1
1859,60,bandit_1,1,51,18,1
1860,61,bandit_1,0,51,18,1
1861,62,bandit_1,0,51,18,1
1862,63,bandit_1,1,52,18,1
1863,64,bandit_1,0,52,18,1
1864,65,bandit_1,0,52,18,1
1865,66,bandit_1,0,52,18,1
1866,67,bandit_1,0,52,18,1
1867,68,bandit_1,0,52,18,1
1868,69,bandit_1,0,52,18,1
1869,70,bandit_1,1,53,18,1
1870,71,bandit_1,0,53,18,1
1871,72,bandit_1,0,53,18,1
1872,73,bandit_1,0,53,18,1
1873,74,bandit_1,0,53,18,1
1874,75,bandit_1,0,53,18,1
1875,76,bandit_1,1,54,18,1
1876,77,bandit_1,0,54,18,1
1877,78,bandit_1,0,54,18,1
1878,79,bandit_1,0,54,18,1
1879,80,bandit_1,0,54,18,1
1880,81,bandit_1,0,54,18,1
1881,82,bandit_1,0,54,18,1
1882,83,bandit_1,0,54,18,1
1883,84,bandit_1,0,54,18,1
1884,85,bandit_1,1,55,18,1
1885,86,bandit_1,0,55,18,1
1886,87,bandit_1,0,55,18,1
1887,88,bandit_1,1,56,18,1
1888,89,bandit_1,1,57,18,1
1889,90,bandit_1,1,58,18,1
1890,91,bandit_1,0,58,18,1
1891,92,bandit_1,0,58,18,1
1892,93,bandit_1,0,58,18,1
1893,94,bandit_1,0,58,18,1
1894,95,bandit_1,0,58,18,1
1895,96,bandit_1,0,58,18,1
1896,97,bandit_1,0,58,18,1
1897,98,bandit_1,0,58,18,1
1898,99,bandit_1,0,58,18,1
1899,100,bandit_1,1,59,18,1
1900,1,bandit_1,1,1,19,1
1901,2,bandit_1,1,2,19,1
1902,3,bandit_1,1,3,19,1
1903,4,bandit_1,0,3,19,1
1904,5,bandit_1,1,4,19,1
1905,6,bandit_1,1,5,19,1
1906,7,bandit_1,1,6,19,1
1907,8,bandit_1,1,7,19,1
1908,9,bandit_1,1,8,19,1
1909,10,bandit_1,0,8,19,1
1910,11,bandit_1,1,9,19,1
1911,12,bandit_1,1,10,19,1
1912,13,bandit_1,1,11,19,1
1913,14,bandit_1,1,12,19,1
1914,15,bandit_1,1,13,19,1
1915,16,bandit_1,1,14,19,1
1916,17,bandit_1,1,15,19,1
1917,18,bandit_1,1,16,19,1
1918,19,bandit_1,1,17,19,1
1919,20,bandit_1,1,18,19,1
1920,21,bandit_1,1,19,19,1
1921,22,bandit_1,1,20,19,1
1922,23,bandit_1,1,21,19,1
1923,24,bandit_1,1,22,19,1
1924,25,bandit_1,1,23,19,1
1925,26,bandit_1,1,24,19,1
1926,27,bandit_1,1,25,19,1
1927,28,bandit_1,1,26,19,1
1928,29,bandit_1,1,27,19,1
1929,30,bandit_1,1,28,19,1
1930,31,bandit_1,1,29,19,1
1931,32,bandit_1,1,30,19,1
1932,33,bandit_1,1,31,19,1
1933,34,bandit_1,1,32,19,1
1934,35,bandit_1,1,33,19,1
1935,36,bandit_1,1,34,19,1
1936,37,bandit_1,1,35,19,1
1937,38,bandit_1,1,36,19,1
1938,39,bandit_1,1,37,19,1
1939,40,bandit_1,1,38,19,1
1940,41,bandit_1,1,39,19,1
1941,42,bandit_1,1,40,19,1
1942,43,bandit_1,1,41,19,1
1943,44,bandit_1,1,42,19,1
1944,45,bandit_1,1,43,19,1
1945,46,bandit_1,1,44,19,1
1946,47,bandit_1,1,45,19,1
1947,48,bandit_1,1,46,19,1
1948,49,bandit_1,1,47,19,1
1949,50,bandit_1,1,48,19,1
1950,51,bandit_1,1,49,19,1
1951,52,bandit_1,1,50,19,1
1952,53,bandit_1,0,50,19,1
1953,54,bandit_1,0,50,19,1
1954,55,bandit_1,0,50,19,1
1955,56,bandit_1,0,50,19,1
1956,57,bandit_1,0,50,19,1
1957,58,bandit_1,0,50,19,1
1958,59,bandit_1,0,50,19,1
1959,60,bandit_1,1,51,19,1
1960,61,bandit_1,0,51,19,1
1961,62,bandit_1,0,51,19,1
1962,63,bandit_1,1,52,19,1
1963,64,bandit_1,0,52,19,1
1964,65,bandit_1,0,52,19,1
1965,66,bandit_1,0,52,19,1
1966,67,bandit_1,0,52,19,1
1967,68,bandit_1,0,52,19,1
1968,69,bandit_1,0,52,19,1
1969,70,bandit_1,1,53,19,1
1970,71,bandit_1,0,53,19,1
1971,72,bandit_1,0,53,19,1
1972,73,bandit_1,0,53,19,1
1973,74,bandit_1,0,53,19,1
1974,75,bandit_1,0,53,19,1
1975,76,bandit_1,1,54,19,1
1976,77,bandit_1,0,54,19,1
1977,78,bandit_1,0,54,19,1
1978,79,bandit_1,0,54,19,1
1979,80,bandit_1,0,54,19,1
1980,81,bandit_1,0,54,19,1
1981,82,bandit_1,0,54,19,1
1982,83,bandit_1,0,54,19,1
1983,84,bandit_1,0,54,19,1
1984,85,bandit_1,1,55,19,1
1985,86,bandit_1,0,55,19,1
1986,87,bandit_1,0,55,19,1
1987,88,bandit_1,1,56,19,1
1988,89,bandit_1,1,57,19,1
1989,90,bandit_1,1,58,19,1
1990,91,bandit_1,0,58,19,1
1991,92,bandit_1,0,58,19,1
1992,93,bandit_1,0,58,19,1
1993,94,bandit_1,0,58,19,1
1994,95,bandit_1,0,58,19,1
1995,96,bandit_1,0,58,19,1
1996,97,bandit_1,0,58,19,1
1997,98,bandit_1,0,58,19,1
1998,99,bandit_1,0,58,19,1
1999,100,bandit_1,1,59,19,1
